dataset,model,seed,scenario,n_eval,training_time_sec,mean_inference_latency_sec,model_size_bytes,n_parameters,threshold,architecture,batch_size,learning_rate,selected_epochs,RMSE,MAE,sMAPE,R2,R2_manual,n_reference_anomalies,n_detected,Precision,Recall,F1,metric_status
cholera,LSTM,11,forecast_original,84,3.3947076000004017,0.014147564333327301,19588,4897,113.59828415813446,small,16,0.001,15,150.63923563003047,91.30016696753201,27.97362142481087,0.8824845854797033,0.8824845854797033,0,20,,,,forecast_only
cholera,LSTM,11,injected_5pct,84,3.3947076000004017,0.014723546857145007,19588,4897,113.59828415813446,small,16,0.001,15,,,,,,4,48,0.08333333333333333,1.0,0.15384615384615385,applicable
cholera,LSTM,11,injected_10pct,84,3.3947076000004017,0.014677228500074437,19588,4897,113.59828415813446,small,16,0.001,15,,,,,,8,35,0.2,0.875,0.32558139534883723,applicable
cholera,LSTM,11,proxy_robust_z,84,3.3947076000004017,0.01346053147622548,19588,4897,113.59828415813446,small,16,0.001,15,,,,,,0,20,,,,not_applicable_no_positive_reference
cholera,LSTM,22,forecast_original,84,3.0937450600004013,0.009817739142904645,19588,4897,113.59828415813446,small,16,0.001,15,182.95572842547963,128.53485118721923,77.12298815444572,0.8266552654805653,0.8266552654805653,0,29,,,,forecast_only
cholera,LSTM,22,injected_5pct,84,3.0937450600004013,0.010164356607208987,19588,4897,113.59828415813446,small,16,0.001,15,,,,,,4,51,0.0784313725490196,1.0,0.14545454545454545,applicable
cholera,LSTM,22,injected_10pct,84,3.0937450600004013,0.010264617607022263,19588,4897,113.59828415813446,small,16,0.001,15,,,,,,8,39,0.15384615384615385,0.75,0.2553191489361702,applicable
cholera,LSTM,22,proxy_robust_z,84,3.0937450600004013,0.010157739523817457,19588,4897,113.59828415813446,small,16,0.001,15,,,,,,0,29,,,,not_applicable_no_positive_reference
cholera,LSTM,33,forecast_original,84,3.8473550060007256,0.01423406133333282,19588,4897,113.59828415813446,small,16,0.001,15,179.90897935674437,124.40824900116903,70.25953433337767,0.8323805892075311,0.8323805892075311,0,28,,,,forecast_only
cholera,LSTM,33,injected_5pct,84,3.8473550060007256,0.014446111809482838,19588,4897,113.59828415813446,small,16,0.001,15,,,,,,4,43,0.09302325581395349,1.0,0.1702127659574468,applicable
cholera,LSTM,33,injected_10pct,84,3.8473550060007256,0.010664604547649842,19588,4897,113.59828415813446,small,16,0.001,15,,,,,,8,36,0.16666666666666666,0.75,0.2727272727272727,applicable
cholera,LSTM,33,proxy_robust_z,84,3.8473550060007256,0.01029619432142681,19588,4897,113.59828415813446,small,16,0.001,15,,,,,,0,28,,,,not_applicable_no_positive_reference
cholera,LSTM,44,forecast_original,84,3.17414434300008,0.016220585000025625,19588,4897,113.59828415813446,small,16,0.001,15,251.73890177996958,199.85184195013335,121.43331147261334,0.6718145697767259,0.6718145697767259,0,62,,,,forecast_only
cholera,LSTM,44,injected_5pct,84,3.17414434300008,0.01089801378567418,19588,4897,113.59828415813446,small,16,0.001,15,,,,,,4,66,0.06060606060606061,1.0,0.11428571428571428,applicable
cholera,LSTM,44,injected_10pct,84,3.17414434300008,0.01061586224994114,19588,4897,113.59828415813446,small,16,0.001,15,,,,,,8,65,0.09230769230769231,0.75,0.1643835616438356,applicable
cholera,LSTM,44,proxy_robust_z,84,3.17414434300008,0.00983989491666242,19588,4897,113.59828415813446,small,16,0.001,15,,,,,,0,62,,,,not_applicable_no_positive_reference
cholera,LSTM,55,forecast_original,84,4.928303336000681,0.009857106119062294,19588,4897,113.59828415813446,small,16,0.001,15,190.1140358095734,121.30033209024826,58.69182251093177,0.8128253659118341,0.8128253659118341,0,28,,,,forecast_only
cholera,LSTM,55,injected_5pct,84,4.928303336000681,0.010029377142873705,19588,4897,113.59828415813446,small,16,0.001,15,,,,,,4,70,0.05714285714285714,1.0,0.10810810810810811,applicable
cholera,LSTM,55,injected_10pct,84,4.928303336000681,0.01022564588093441,19588,4897,113.59828415813446,small,16,0.001,15,,,,,,8,40,0.15,0.75,0.25,applicable
cholera,LSTM,55,proxy_robust_z,84,4.928303336000681,0.010556028642830435,19588,4897,113.59828415813446,small,16,0.001,15,,,,,,0,28,,,,not_applicable_no_positive_reference
cholera,LSTM,66,forecast_original,84,3.081518992000383,0.010080889238127253,19588,4897,113.59828415813446,small,16,0.001,15,224.94680630084542,180.24870639055013,116.79308752330061,0.7379535422650887,0.7379535422650887,0,66,,,,forecast_only
cholera,LSTM,66,injected_5pct,84,3.081518992000383,0.01038246867860185,19588,4897,113.59828415813446,small,16,0.001,15,,,,,,4,77,0.05194805194805195,1.0,0.09876543209876543,applicable
cholera,LSTM,66,injected_10pct,84,3.081518992000383,0.009847280892840683,19588,4897,113.59828415813446,small,16,0.001,15,,,,,,8,75,0.08,0.75,0.14457831325301204,applicable
cholera,LSTM,66,proxy_robust_z,84,3.081518992000383,0.014786751523821468,19588,4897,113.59828415813446,small,16,0.001,15,,,,,,0,66,,,,not_applicable_no_positive_reference
cholera,LSTM,77,forecast_original,84,4.056170716000452,0.010134838440448914,19588,4897,113.59828415813446,small,16,0.001,15,200.7410556244792,146.93571411945055,102.53392354021894,0.791315094306475,0.791315094306475,0,33,,,,forecast_only
cholera,LSTM,77,injected_5pct,84,4.056170716000452,0.01036490566663079,19588,4897,113.59828415813446,small,16,0.001,15,,,,,,4,46,0.08695652173913043,1.0,0.16,applicable
cholera,LSTM,77,injected_10pct,84,4.056170716000452,0.010375683690491704,19588,4897,113.59828415813446,small,16,0.001,15,,,,,,8,36,0.16666666666666666,0.75,0.2727272727272727,applicable
cholera,LSTM,77,proxy_robust_z,84,4.056170716000452,0.010440021428567411,19588,4897,113.59828415813446,small,16,0.001,15,,,,,,0,33,,,,not_applicable_no_positive_reference
cholera,LSTM,88,forecast_original,84,3.0638642910007547,0.00984883641662496,19588,4897,113.59828415813446,small,16,0.001,15,146.37449081692472,120.05147454483297,49.832606007024935,0.889044349259273,0.889044349259273,0,30,,,,forecast_only
cholera,LSTM,88,injected_5pct,84,3.0638642910007547,0.011488230059545199,19588,4897,113.59828415813446,small,16,0.001,15,,,,,,4,57,0.07017543859649122,1.0,0.13114754098360656,applicable
cholera,LSTM,88,injected_10pct,84,3.0638642910007547,0.014427787583361436,19588,4897,113.59828415813446,small,16,0.001,15,,,,,,8,48,0.16666666666666666,1.0,0.2857142857142857,applicable
cholera,LSTM,88,proxy_robust_z,84,3.0638642910007547,0.01480022541664723,19588,4897,113.59828415813446,small,16,0.001,15,,,,,,0,30,,,,not_applicable_no_positive_reference
cholera,LSTM,99,forecast_original,84,3.5505760430005466,0.009991453642853577,19588,4897,113.59828415813446,small,16,0.001,15,200.40006780692482,140.70365612546954,85.91014707911138,0.7920234553676865,0.7920234553676865,0,31,,,,forecast_only
cholera,LSTM,99,injected_5pct,84,3.5505760430005466,0.01004297757149938,19588,4897,113.59828415813446,small,16,0.001,15,,,,,,4,54,0.07407407407407407,1.0,0.13793103448275862,applicable
cholera,LSTM,99,injected_10pct,84,3.5505760430005466,0.010066061309479275,19588,4897,113.59828415813446,small,16,0.001,15,,,,,,8,37,0.16216216216216217,0.75,0.26666666666666666,applicable
cholera,LSTM,99,proxy_robust_z,84,3.5505760430005466,0.010321366630932971,19588,4897,113.59828415813446,small,16,0.001,15,,,,,,0,31,,,,not_applicable_no_positive_reference
cholera,LSTM,110,forecast_original,84,3.115108588000112,0.011193041297593439,19588,4897,113.59828415813446,small,16,0.001,15,210.21753061401387,156.04782156170594,100.4585764820354,0.7711470628703859,0.7711470628703859,0,36,,,,forecast_only
cholera,LSTM,110,injected_5pct,84,3.115108588000112,0.013736063059446852,19588,4897,113.59828415813446,small,16,0.001,15,,,,,,4,53,0.07547169811320754,1.0,0.14035087719298245,applicable
cholera,LSTM,110,injected_10pct,84,3.115108588000112,0.014719458809568528,19588,4897,113.59828415813446,small,16,0.001,15,,,,,,8,42,0.14285714285714285,0.75,0.24,applicable
cholera,LSTM,110,proxy_robust_z,84,3.115108588000112,0.015427678547645146,19588,4897,113.59828415813446,small,16,0.001,15,,,,,,0,36,,,,not_applicable_no_positive_reference
ilinet,LSTM,11,forecast_original,52,2.2568114770001557,0.009993069134592449,19588,4897,0.8498749342270195,small,16,0.001,12,0.8288091989144715,0.5164016945991141,15.189683178238718,0.814196105991626,0.814196105991626,0,9,,,,forecast_only
ilinet,LSTM,11,injected_5pct,52,2.2568114770001557,0.01072449632689453,19588,4897,0.8498749342270195,small,16,0.001,12,,,,,,3,14,0.21428571428571427,1.0,0.35294117647058826,applicable
ilinet,LSTM,11,injected_10pct,52,2.2568114770001557,0.010376585557651197,19588,4897,0.8498749342270195,small,16,0.001,12,,,,,,5,10,0.3,0.6,0.4,applicable
ilinet,LSTM,11,proxy_robust_z,52,2.2568114770001557,0.010847667769212421,19588,4897,0.8498749342270195,small,16,0.001,12,,,,,,11,9,0.7777777777777778,0.6363636363636364,0.7,applicable
ilinet,LSTM,22,forecast_original,52,3.068094893000307,0.013919601403865901,19588,4897,0.8498749342270195,small,16,0.001,12,0.710340076553287,0.4082549175798658,12.911541528792508,0.8635170748904928,0.8635170748904928,0,7,,,,forecast_only
ilinet,LSTM,22,injected_5pct,52,3.068094893000307,0.01501546353844018,19588,4897,0.8498749342270195,small,16,0.001,12,,,,,,3,10,0.3,1.0,0.46153846153846156,applicable
ilinet,LSTM,22,injected_10pct,52,3.068094893000307,0.012854204346065391,19588,4897,0.8498749342270195,small,16,0.001,12,,,,,,5,11,0.45454545454545453,1.0,0.625,applicable
ilinet,LSTM,22,proxy_robust_z,52,3.068094893000307,0.009712822403868743,19588,4897,0.8498749342270195,small,16,0.001,12,,,,,,11,7,1.0,0.6363636363636364,0.7777777777777778,applicable
ilinet,LSTM,33,forecast_original,52,2.2329066610000154,0.009888832327043509,19588,4897,0.8498749342270195,small,16,0.001,12,0.7505475830657691,0.4503290830529688,14.226994817183789,0.847629059650152,0.847629059650152,0,7,,,,forecast_only
ilinet,LSTM,33,injected_5pct,52,2.2329066610000154,0.010139950557668972,19588,4897,0.8498749342270195,small,16,0.001,12,,,,,,3,12,0.25,1.0,0.4,applicable
ilinet,LSTM,33,injected_10pct,52,2.2329066610000154,0.010632463711579896,19588,4897,0.8498749342270195,small,16,0.001,12,,,,,,5,9,0.3333333333333333,0.6,0.42857142857142855,applicable
ilinet,LSTM,33,proxy_robust_z,52,2.2329066610000154,0.010323843192351818,19588,4897,0.8498749342270195,small,16,0.001,12,,,,,,11,7,1.0,0.6363636363636364,0.7777777777777778,applicable
ilinet,LSTM,44,forecast_original,52,2.2812537680001697,0.010510928230797408,19588,4897,0.8498749342270195,small,16,0.001,12,0.7188470026176165,0.45386784697751303,15.064103428669814,0.8602285023528462,0.8602285023528462,0,6,,,,forecast_only
ilinet,LSTM,44,injected_5pct,52,2.2812537680001697,0.009667940865308712,19588,4897,0.8498749342270195,small,16,0.001,12,,,,,,3,10,0.3,1.0,0.46153846153846156,applicable
ilinet,LSTM,44,injected_10pct,52,2.2812537680001697,0.010509331653845667,19588,4897,0.8498749342270195,small,16,0.001,12,,,,,,5,8,0.375,0.6,0.46153846153846156,applicable
ilinet,LSTM,44,proxy_robust_z,52,2.2812537680001697,0.013560294807715624,19588,4897,0.8498749342270195,small,16,0.001,12,,,,,,11,6,1.0,0.5454545454545454,0.7058823529411765,applicable
ilinet,LSTM,55,forecast_original,52,3.574371185999553,0.010083641173038744,19588,4897,0.8498749342270195,small,16,0.001,12,0.8037070278495534,0.5371228004535866,17.883018293814043,0.825280564392309,0.825280564392309,0,7,,,,forecast_only
ilinet,LSTM,55,injected_5pct,52,3.574371185999553,0.009971043653824662,19588,4897,0.8498749342270195,small,16,0.001,12,,,,,,3,11,0.2727272727272727,1.0,0.42857142857142855,applicable
ilinet,LSTM,55,injected_10pct,52,3.574371185999553,0.009909899980759572,19588,4897,0.8498749342270195,small,16,0.001,12,,,,,,5,9,0.3333333333333333,0.6,0.42857142857142855,applicable
ilinet,LSTM,55,proxy_robust_z,52,3.574371185999553,0.00965414207700213,19588,4897,0.8498749342270195,small,16,0.001,12,,,,,,11,7,1.0,0.6363636363636364,0.7777777777777778,applicable
ilinet,LSTM,66,forecast_original,52,2.229268389000026,0.010059380538450569,19588,4897,0.8498749342270195,small,16,0.001,12,0.6812554178785413,0.40422895153300964,12.340531758792023,0.8744647694394682,0.8744647694394682,0,7,,,,forecast_only
ilinet,LSTM,66,injected_5pct,52,2.229268389000026,0.010316864557773022,19588,4897,0.8498749342270195,small,16,0.001,12,,,,,,3,10,0.3,1.0,0.46153846153846156,applicable
ilinet,LSTM,66,injected_10pct,52,2.229268389000026,0.010210237499974868,19588,4897,0.8498749342270195,small,16,0.001,12,,,,,,5,9,0.3333333333333333,0.6,0.42857142857142855,applicable
ilinet,LSTM,66,proxy_robust_z,52,2.229268389000026,0.010744535307682011,19588,4897,0.8498749342270195,small,16,0.001,12,,,,,,11,7,1.0,0.6363636363636364,0.7777777777777778,applicable
ilinet,LSTM,77,forecast_original,52,2.4583518170002208,0.014637314480751229,19588,4897,0.8498749342270195,small,16,0.001,12,0.6928397244373741,0.39272399486344384,12.475033510311574,0.8701591808207412,0.8701591808207412,0,7,,,,forecast_only
ilinet,LSTM,77,injected_5pct,52,2.4583518170002208,0.014885785653737353,19588,4897,0.8498749342270195,small,16,0.001,12,,,,,,3,11,0.2727272727272727,1.0,0.42857142857142855,applicable
ilinet,LSTM,77,injected_10pct,52,2.4583518170002208,0.01367793726922173,19588,4897,0.8498749342270195,small,16,0.001,12,,,,,,5,10,0.4,0.8,0.5333333333333333,applicable
ilinet,LSTM,77,proxy_robust_z,52,2.4583518170002208,0.03416724125000096,19588,4897,0.8498749342270195,small,16,0.001,12,,,,,,11,7,1.0,0.6363636363636364,0.7777777777777778,applicable
ilinet,LSTM,88,forecast_original,52,2.280420242999753,0.010290700346191582,19588,4897,0.8498749342270195,small,16,0.001,12,0.9025363344706776,0.5359048647984468,14.570782938677654,0.7796692687005111,0.7796692687005111,0,11,,,,forecast_only
ilinet,LSTM,88,injected_5pct,52,2.280420242999753,0.010109786307688969,19588,4897,0.8498749342270195,small,16,0.001,12,,,,,,3,15,0.2,1.0,0.3333333333333333,applicable
ilinet,LSTM,88,injected_10pct,52,2.280420242999753,0.010538867711689957,19588,4897,0.8498749342270195,small,16,0.001,12,,,,,,5,10,0.3,0.6,0.4,applicable
ilinet,LSTM,88,proxy_robust_z,52,2.280420242999753,0.010227390634624429,19588,4897,0.8498749342270195,small,16,0.001,12,,,,,,11,11,0.7272727272727273,0.7272727272727273,0.7272727272727273,applicable
ilinet,LSTM,99,forecast_original,52,2.294292571999904,0.01045689828837427,19588,4897,0.8498749342270195,small,16,0.001,12,0.7149877678311071,0.4116807836825772,12.550748800766186,0.8617252410764196,0.8617252410764196,0,7,,,,forecast_only
ilinet,LSTM,99,injected_5pct,52,2.294292571999904,0.011315104173106123,19588,4897,0.8498749342270195,small,16,0.001,12,,,,,,3,11,0.2727272727272727,1.0,0.42857142857142855,applicable
ilinet,LSTM,99,injected_10pct,52,2.294292571999904,0.010465690346126603,19588,4897,0.8498749342270195,small,16,0.001,12,,,,,,5,9,0.3333333333333333,0.6,0.42857142857142855,applicable
ilinet,LSTM,99,proxy_robust_z,52,2.294292571999904,0.01303435996151865,19588,4897,0.8498749342270195,small,16,0.001,12,,,,,,11,7,1.0,0.6363636363636364,0.7777777777777778,applicable
ilinet,LSTM,110,forecast_original,52,3.236060862999693,0.009768043903844816,19588,4897,0.8498749342270195,small,16,0.001,12,0.7349994887313847,0.4345398130591071,13.755472259916813,0.8538766028932526,0.8538766028932526,0,7,,,,forecast_only
ilinet,LSTM,110,injected_5pct,52,3.236060862999693,0.010094630711504439,19588,4897,0.8498749342270195,small,16,0.001,12,,,,,,3,10,0.3,1.0,0.46153846153846156,applicable
ilinet,LSTM,110,injected_10pct,52,3.236060862999693,0.009424124942265385,19588,4897,0.8498749342270195,small,16,0.001,12,,,,,,5,9,0.3333333333333333,0.6,0.42857142857142855,applicable
ilinet,LSTM,110,proxy_robust_z,52,3.236060862999693,0.010472400096117641,19588,4897,0.8498749342270195,small,16,0.001,12,,,,,,11,7,1.0,0.6363636363636364,0.7777777777777778,applicable
electricity,LSTM,11,forecast_original,42,7.34092171500015,0.010072500261880382,19588,4897,0.3373933903351426,small,16,0.001,38,0.13815825122065475,0.10628287407204288,11.47351489705191,0.6468234786792622,0.6468234786792622,0,1,,,,forecast_only
electricity,LSTM,11,injected_5pct,42,7.34092171500015,0.01041110199999128,19588,4897,0.3373933903351426,small,16,0.001,38,,,,,,2,4,0.5,1.0,0.6666666666666666,applicable
electricity,LSTM,11,injected_10pct,42,7.34092171500015,0.010525491761914705,19588,4897,0.3373933903351426,small,16,0.001,38,,,,,,4,8,0.5,1.0,0.6666666666666666,applicable
electricity,LSTM,11,proxy_robust_z,42,7.34092171500015,0.009878355000074364,19588,4897,0.3373933903351426,small,16,0.001,38,,,,,,0,1,,,,not_applicable_no_positive_reference
electricity,LSTM,22,forecast_original,42,4.322970746999999,0.009703605928583178,19588,4897,0.3373933903351426,small,16,0.001,38,0.1353607673094962,0.10370601282878868,11.159585922634273,0.6609811979546929,0.6609811979546929,0,1,,,,forecast_only
electricity,LSTM,22,injected_5pct,42,4.322970746999999,0.009897711928585653,19588,4897,0.3373933903351426,small,16,0.001,38,,,,,,2,4,0.5,1.0,0.6666666666666666,applicable
electricity,LSTM,22,injected_10pct,42,4.322970746999999,0.010263197857187021,19588,4897,0.3373933903351426,small,16,0.001,38,,,,,,4,7,0.5714285714285714,1.0,0.7272727272727273,applicable
electricity,LSTM,22,proxy_robust_z,42,4.322970746999999,0.009641950809487926,19588,4897,0.3373933903351426,small,16,0.001,38,,,,,,0,1,,,,not_applicable_no_positive_reference
electricity,LSTM,33,forecast_original,42,5.658983364000051,0.009538949000064653,19588,4897,0.3373933903351426,small,16,0.001,38,0.1316365315217275,0.10407334160198496,11.33610433679478,0.6793796890369632,0.6793796890369632,0,1,,,,forecast_only
electricity,LSTM,33,injected_5pct,42,5.658983364000051,0.009713556333302958,19588,4897,0.3373933903351426,small,16,0.001,38,,,,,,2,4,0.5,1.0,0.6666666666666666,applicable
electricity,LSTM,33,injected_10pct,42,5.658983364000051,0.009631380523777417,19588,4897,0.3373933903351426,small,16,0.001,38,,,,,,4,6,0.6666666666666666,1.0,0.8,applicable
electricity,LSTM,33,proxy_robust_z,42,5.658983364000051,0.010028185023851879,19588,4897,0.3373933903351426,small,16,0.001,38,,,,,,0,1,,,,not_applicable_no_positive_reference
electricity,LSTM,44,forecast_original,42,4.184801020000123,0.009970610285801654,19588,4897,0.3373933903351426,small,16,0.001,38,0.1331238829461289,0.10484401148224169,11.182768015467422,0.6720934264964642,0.6720934264964642,0,1,,,,forecast_only
electricity,LSTM,44,injected_5pct,42,4.184801020000123,0.009198343571521642,19588,4897,0.3373933903351426,small,16,0.001,38,,,,,,2,3,0.6666666666666666,1.0,0.8,applicable
electricity,LSTM,44,injected_10pct,42,4.184801020000123,0.009569387976171129,19588,4897,0.3373933903351426,small,16,0.001,38,,,,,,4,6,0.6666666666666666,1.0,0.8,applicable
electricity,LSTM,44,proxy_robust_z,42,4.184801020000123,0.010351224714256767,19588,4897,0.3373933903351426,small,16,0.001,38,,,,,,0,1,,,,not_applicable_no_positive_reference
electricity,LSTM,55,forecast_original,42,5.726639014000284,0.009817332595308212,19588,4897,0.3373933903351426,small,16,0.001,38,0.14074859398366224,0.10484327067832562,11.19111326958517,0.6334558436927682,0.6334558436927682,0,1,,,,forecast_only
electricity,LSTM,55,injected_5pct,42,5.726639014000284,0.010049535761893259,19588,4897,0.3373933903351426,small,16,0.001,38,,,,,,2,3,0.6666666666666666,1.0,0.8,applicable
electricity,LSTM,55,injected_10pct,42,5.726639014000284,0.009620759071432465,19588,4897,0.3373933903351426,small,16,0.001,38,,,,,,4,6,0.6666666666666666,1.0,0.8,applicable
electricity,LSTM,55,proxy_robust_z,42,5.726639014000284,0.009730919166681165,19588,4897,0.3373933903351426,small,16,0.001,38,,,,,,0,1,,,,not_applicable_no_positive_reference
electricity,LSTM,66,forecast_original,42,4.313501429999633,0.009464715690466533,19588,4897,0.3373933903351426,small,16,0.001,38,0.14670951632876514,0.10888553765712171,11.60970209620612,0.6017509573769909,0.6017509573769909,0,1,,,,forecast_only
electricity,LSTM,66,injected_5pct,42,4.313501429999633,0.010179225023832606,19588,4897,0.3373933903351426,small,16,0.001,38,,,,,,2,3,0.6666666666666666,1.0,0.8,applicable
electricity,LSTM,66,injected_10pct,42,4.313501429999633,0.010032259547664407,19588,4897,0.3373933903351426,small,16,0.001,38,,,,,,4,7,0.5714285714285714,1.0,0.7272727272727273,applicable
electricity,LSTM,66,proxy_robust_z,42,4.313501429999633,0.010220990285623495,19588,4897,0.3373933903351426,small,16,0.001,38,,,,,,0,1,,,,not_applicable_no_positive_reference
electricity,LSTM,77,forecast_original,42,5.860564508000607,0.010080142642826624,19588,4897,0.3373933903351426,small,16,0.001,38,0.1397402929164668,0.10611470867144691,11.481589102571437,0.6386887632141618,0.6386887632141618,0,1,,,,forecast_only
electricity,LSTM,77,injected_5pct,42,5.860564508000607,0.009798486309505063,19588,4897,0.3373933903351426,small,16,0.001,38,,,,,,2,4,0.5,1.0,0.6666666666666666,applicable
electricity,LSTM,77,injected_10pct,42,5.860564508000607,0.009803187500026633,19588,4897,0.3373933903351426,small,16,0.001,38,,,,,,4,7,0.5714285714285714,1.0,0.7272727272727273,applicable
electricity,LSTM,77,proxy_robust_z,42,5.860564508000607,0.009609415261928959,19588,4897,0.3373933903351426,small,16,0.001,38,,,,,,0,1,,,,not_applicable_no_positive_reference
electricity,LSTM,88,forecast_original,42,4.597130945000572,0.009839021023816756,19588,4897,0.3373933903351426,small,16,0.001,38,0.14261345265526224,0.1095002438146319,11.784161506000054,0.6236783898411098,0.6236783898411098,0,1,,,,forecast_only
electricity,LSTM,88,injected_5pct,42,4.597130945000572,0.010164450642887027,19588,4897,0.3373933903351426,small,16,0.001,38,,,,,,2,4,0.5,1.0,0.6666666666666666,applicable
electricity,LSTM,88,injected_10pct,42,4.597130945000572,0.009992470404735545,19588,4897,0.3373933903351426,small,16,0.001,38,,,,,,4,8,0.5,1.0,0.6666666666666666,applicable
electricity,LSTM,88,proxy_robust_z,42,4.597130945000572,0.009681514642904534,19588,4897,0.3373933903351426,small,16,0.001,38,,,,,,0,1,,,,not_applicable_no_positive_reference
electricity,LSTM,99,forecast_original,42,5.7767874319997645,0.009816571785796398,19588,4897,0.3373933903351426,small,16,0.001,38,0.14063151706412053,0.10694393592539052,11.605442470278447,0.6340653845949734,0.6340653845949734,0,1,,,,forecast_only
electricity,LSTM,99,injected_5pct,42,5.7767874319997645,0.009983870095203158,19588,4897,0.3373933903351426,small,16,0.001,38,,,,,,2,3,0.6666666666666666,1.0,0.8,applicable
electricity,LSTM,99,injected_10pct,42,5.7767874319997645,0.01002636397615355,19588,4897,0.3373933903351426,small,16,0.001,38,,,,,,4,8,0.5,1.0,0.6666666666666666,applicable
electricity,LSTM,99,proxy_robust_z,42,5.7767874319997645,0.009668480523790398,19588,4897,0.3373933903351426,small,16,0.001,38,,,,,,0,1,,,,not_applicable_no_positive_reference
electricity,LSTM,110,forecast_original,42,4.410091601000204,0.009971924119023848,19588,4897,0.3373933903351426,small,16,0.001,38,0.13536303061448857,0.10586073618932619,11.599699553683603,0.6609698607056911,0.6609698607056911,0,1,,,,forecast_only
electricity,LSTM,110,injected_5pct,42,4.410091601000204,0.009778442547572229,19588,4897,0.3373933903351426,small,16,0.001,38,,,,,,2,3,0.6666666666666666,1.0,0.8,applicable
electricity,LSTM,110,injected_10pct,42,4.410091601000204,0.009571358404779554,19588,4897,0.3373933903351426,small,16,0.001,38,,,,,,4,6,0.6666666666666666,1.0,0.8,applicable
electricity,LSTM,110,proxy_robust_z,42,4.410091601000204,0.011251486619043828,19588,4897,0.3373933903351426,small,16,0.001,38,,,,,,0,1,,,,not_applicable_no_positive_reference
