dataset,model,seed,scenario,n_eval,training_time_sec,mean_inference_latency_sec,model_size_bytes,threshold,n_estimators,max_depth,learning_rate,RMSE,MAE,sMAPE,R2,R2_manual,n_reference_anomalies,n_detected,Precision,Recall,F1,metric_status
cholera,XGBoost,11,forecast_original,84,1.0622971520001556,0.0005662851071270953,573503,365.8738648466183,400,4,0.05,398.4021704688548,299.0808568176533,68.49565454643944,0.17801854059453004,0.17801854059453004,0,41,,,,forecast_only
cholera,XGBoost,11,injected_5pct,84,1.0622971520001556,0.0005439552261566947,573503,365.8738648466183,400,4,0.05,,,,,,4,37,0.10810810810810811,1.0,0.1951219512195122,applicable
cholera,XGBoost,11,injected_10pct,84,1.0622971520001556,0.0008996194047659585,573503,365.8738648466183,400,4,0.05,,,,,,8,30,0.13333333333333333,0.5,0.21052631578947367,applicable
cholera,XGBoost,11,proxy_robust_z,84,1.0622971520001556,0.0005443288690793495,573503,365.8738648466183,400,4,0.05,,,,,,0,41,,,,not_applicable_no_positive_reference
cholera,XGBoost,22,forecast_original,84,1.0287796779998644,0.0005494340714340936,572415,365.8738648466183,400,4,0.05,443.5355453105554,334.0070182489878,77.82424829876832,-0.018768458958715817,-0.018768458958715817,0,41,,,,forecast_only
cholera,XGBoost,22,injected_5pct,84,1.0287796779998644,0.0005279589404651796,572415,365.8738648466183,400,4,0.05,,,,,,4,38,0.10526315789473684,1.0,0.19047619047619047,applicable
cholera,XGBoost,22,injected_10pct,84,1.0287796779998644,0.0005292295238199412,572415,365.8738648466183,400,4,0.05,,,,,,8,30,0.13333333333333333,0.5,0.21052631578947367,applicable
cholera,XGBoost,22,proxy_robust_z,84,1.0287796779998644,0.0005580290714122038,572415,365.8738648466183,400,4,0.05,,,,,,0,41,,,,not_applicable_no_positive_reference
cholera,XGBoost,33,forecast_original,84,0.9588816659997974,0.0005144921071318787,571055,365.8738648466183,400,4,0.05,371.22951142430753,278.8229619311037,64.66458796580073,0.2863198498189323,0.2863198498189323,0,39,,,,forecast_only
cholera,XGBoost,33,injected_5pct,84,0.9588816659997974,0.000577627059512798,571055,365.8738648466183,400,4,0.05,,,,,,4,35,0.11428571428571428,1.0,0.20512820512820512,applicable
cholera,XGBoost,33,injected_10pct,84,0.9588816659997974,0.001344480178545382,571055,365.8738648466183,400,4,0.05,,,,,,8,30,0.13333333333333333,0.5,0.21052631578947367,applicable
cholera,XGBoost,33,proxy_robust_z,84,0.9588816659997974,0.0011375325595151611,571055,365.8738648466183,400,4,0.05,,,,,,0,39,,,,not_applicable_no_positive_reference
cholera,XGBoost,44,forecast_original,84,2.9992267849997916,0.0010300624166759355,576563,365.8738648466183,400,4,0.05,403.6714543120823,304.0863869205444,70.71775792871888,0.156131630241931,0.156131630241931,0,39,,,,forecast_only
cholera,XGBoost,44,injected_5pct,84,2.9992267849997916,0.002887130107188525,576563,365.8738648466183,400,4,0.05,,,,,,4,33,0.12121212121212122,1.0,0.21621621621621623,applicable
cholera,XGBoost,44,injected_10pct,84,2.9992267849997916,0.005982394273776966,576563,365.8738648466183,400,4,0.05,,,,,,8,26,0.15384615384615385,0.5,0.23529411764705882,applicable
cholera,XGBoost,44,proxy_robust_z,84,2.9992267849997916,0.01500733382140208,576563,365.8738648466183,400,4,0.05,,,,,,0,39,,,,not_applicable_no_positive_reference
cholera,XGBoost,55,forecast_original,84,4.111912529000165,0.0040039480238105865,573639,365.8738648466183,400,4,0.05,403.77249941096204,300.5192024572405,67.3117915886465,0.15570911121569686,0.15570911121569686,0,41,,,,forecast_only
cholera,XGBoost,55,injected_5pct,84,4.111912529000165,0.0010440954761720821,573639,365.8738648466183,400,4,0.05,,,,,,4,38,0.10526315789473684,1.0,0.19047619047619047,applicable
cholera,XGBoost,55,injected_10pct,84,4.111912529000165,0.001909786988097126,573639,365.8738648466183,400,4,0.05,,,,,,8,31,0.12903225806451613,0.5,0.20512820512820512,applicable
cholera,XGBoost,55,proxy_robust_z,84,4.111912529000165,0.0011935561071281665,573639,365.8738648466183,400,4,0.05,,,,,,0,41,,,,not_applicable_no_positive_reference
cholera,XGBoost,66,forecast_original,84,2.5745177190001414,0.0010765977380601942,578671,365.8738648466183,400,4,0.05,407.9476114727067,304.19463640324545,69.32058430572906,0.13815846657666697,0.13815846657666697,0,40,,,,forecast_only
cholera,XGBoost,66,injected_5pct,84,2.5745177190001414,0.002090225011897928,578671,365.8738648466183,400,4,0.05,,,,,,4,38,0.10526315789473684,1.0,0.19047619047619047,applicable
cholera,XGBoost,66,injected_10pct,84,2.5745177190001414,0.0028097112142675194,578671,365.8738648466183,400,4,0.05,,,,,,8,32,0.125,0.5,0.2,applicable
cholera,XGBoost,66,proxy_robust_z,84,2.5745177190001414,0.004120290488112048,578671,365.8738648466183,400,4,0.05,,,,,,0,40,,,,not_applicable_no_positive_reference
cholera,XGBoost,77,forecast_original,84,1.2300203730001158,0.0005110271666537647,573367,365.8738648466183,400,4,0.05,360.13907578836915,280.03484252564647,69.01959195148018,0.32832509645637675,0.32832509645637675,0,36,,,,forecast_only
cholera,XGBoost,77,injected_5pct,84,1.2300203730001158,0.0005408811666441016,573367,365.8738648466183,400,4,0.05,,,,,,4,29,0.13793103448275862,1.0,0.24242424242424243,applicable
cholera,XGBoost,77,injected_10pct,84,1.2300203730001158,0.0005655607975919944,573367,365.8738648466183,400,4,0.05,,,,,,8,26,0.15384615384615385,0.5,0.23529411764705882,applicable
cholera,XGBoost,77,proxy_robust_z,84,1.2300203730001158,0.0005244300594995366,573367,365.8738648466183,400,4,0.05,,,,,,0,36,,,,not_applicable_no_positive_reference
cholera,XGBoost,88,forecast_original,84,1.065939599000103,0.0008656239523956867,576019,365.8738648466183,400,4,0.05,376.5561386584701,283.24346493175096,65.82885583237565,0.26569228016676727,0.26569228016676727,0,39,,,,forecast_only
cholera,XGBoost,88,injected_5pct,84,1.065939599000103,0.0005370792738241496,576019,365.8738648466183,400,4,0.05,,,,,,4,34,0.11764705882352941,1.0,0.21052631578947367,applicable
cholera,XGBoost,88,injected_10pct,84,1.065939599000103,0.0005373982857062878,576019,365.8738648466183,400,4,0.05,,,,,,8,31,0.12903225806451613,0.5,0.20512820512820512,applicable
cholera,XGBoost,88,proxy_robust_z,84,1.065939599000103,0.0005270654999798179,576019,365.8738648466183,400,4,0.05,,,,,,0,39,,,,not_applicable_no_positive_reference
cholera,XGBoost,99,forecast_original,84,1.0358336989997952,0.0005409649523493325,573502,365.8738648466183,400,4,0.05,370.96972106801917,280.99248844839997,65.80756692981782,0.28731838220828365,0.28731838220828365,0,38,,,,forecast_only
cholera,XGBoost,99,injected_5pct,84,1.0358336989997952,0.0005300947976225178,573502,365.8738648466183,400,4,0.05,,,,,,4,37,0.10810810810810811,1.0,0.1951219512195122,applicable
cholera,XGBoost,99,injected_10pct,84,1.0358336989997952,0.0007981832380838092,573502,365.8738648466183,400,4,0.05,,,,,,8,29,0.1724137931034483,0.625,0.2702702702702703,applicable
cholera,XGBoost,99,proxy_robust_z,84,1.0358336989997952,0.0013839494404562305,573502,365.8738648466183,400,4,0.05,,,,,,0,38,,,,not_applicable_no_positive_reference
cholera,XGBoost,110,forecast_original,84,4.309076134999941,0.001082123011926905,574046,365.8738648466183,400,4,0.05,380.08829836364083,285.733771754031,66.09791459843477,0.25185181121567823,0.25185181121567823,0,37,,,,forecast_only
cholera,XGBoost,110,injected_5pct,84,4.309076134999941,0.0015990668333426498,574046,365.8738648466183,400,4,0.05,,,,,,4,32,0.125,1.0,0.2222222222222222,applicable
cholera,XGBoost,110,injected_10pct,84,4.309076134999941,0.001038068190463751,574046,365.8738648466183,400,4,0.05,,,,,,8,29,0.13793103448275862,0.5,0.21621621621621623,applicable
cholera,XGBoost,110,proxy_robust_z,84,4.309076134999941,0.0018409164880765837,574046,365.8738648466183,400,4,0.05,,,,,,0,37,,,,not_applicable_no_positive_reference
ilinet,XGBoost,11,forecast_original,52,0.1894359230000191,0.0008367566730822335,179843,0.42912499258615805,200,2,0.03,0.680195474310335,0.3668542924815128,9.921948661519869,0.8748550980728118,0.8748550980728118,0,9,,,,forecast_only
ilinet,XGBoost,11,injected_5pct,52,0.1894359230000191,0.008355387865391934,179843,0.42912499258615805,200,2,0.03,,,,,,3,16,0.1875,1.0,0.3157894736842105,applicable
ilinet,XGBoost,11,injected_10pct,52,0.1894359230000191,0.0009205386922898329,179843,0.42912499258615805,200,2,0.03,,,,,,5,12,0.3333333333333333,0.8,0.47058823529411764,applicable
ilinet,XGBoost,11,proxy_robust_z,52,0.1894359230000191,0.0008591931923372333,179843,0.42912499258615805,200,2,0.03,,,,,,11,9,1.0,0.8181818181818182,0.9,applicable
ilinet,XGBoost,22,forecast_original,52,0.20444024800008265,0.0009009851538446758,179367,0.42912499258615805,200,2,0.03,0.7022781548941416,0.37951960942559076,10.412733702311082,0.8665974887370725,0.8665974887370725,0,9,,,,forecast_only
ilinet,XGBoost,22,injected_5pct,52,0.20444024800008265,0.0029809591538528715,179367,0.42912499258615805,200,2,0.03,,,,,,3,17,0.17647058823529413,1.0,0.3,applicable
ilinet,XGBoost,22,injected_10pct,52,0.20444024800008265,0.0037759722114987407,179367,0.42912499258615805,200,2,0.03,,,,,,5,13,0.38461538461538464,1.0,0.5555555555555556,applicable
ilinet,XGBoost,22,proxy_robust_z,52,0.20444024800008265,0.0009519616153721262,179367,0.42912499258615805,200,2,0.03,,,,,,11,9,1.0,0.8181818181818182,0.9,applicable
ilinet,XGBoost,33,forecast_original,52,0.25504414299985,0.0016314032692172566,179571,0.42912499258615805,200,2,0.03,0.719907100451422,0.3852521674639962,10.348073655075659,0.8598159508167605,0.8598159508167605,0,9,,,,forecast_only
ilinet,XGBoost,33,injected_5pct,52,0.25504414299985,0.0024913211922676756,179571,0.42912499258615805,200,2,0.03,,,,,,3,16,0.1875,1.0,0.3157894736842105,applicable
ilinet,XGBoost,33,injected_10pct,52,0.25504414299985,0.0012479674615301169,179571,0.42912499258615805,200,2,0.03,,,,,,5,13,0.38461538461538464,1.0,0.5555555555555556,applicable
ilinet,XGBoost,33,proxy_robust_z,52,0.25504414299985,0.0004619763269514666,179571,0.42912499258615805,200,2,0.03,,,,,,11,9,1.0,0.8181818181818182,0.9,applicable
ilinet,XGBoost,44,forecast_original,52,0.08518123399971955,0.0004351303461694792,179843,0.42912499258615805,200,2,0.03,0.7219745048866498,0.381654495465809,10.206395190683166,0.8590096432577148,0.8590096432577148,0,9,,,,forecast_only
ilinet,XGBoost,44,injected_5pct,52,0.08518123399971955,0.00045521867308742425,179843,0.42912499258615805,200,2,0.03,,,,,,3,16,0.1875,1.0,0.3157894736842105,applicable
ilinet,XGBoost,44,injected_10pct,52,0.08518123399971955,0.0004366820960950253,179843,0.42912499258615805,200,2,0.03,,,,,,5,13,0.38461538461538464,1.0,0.5555555555555556,applicable
ilinet,XGBoost,44,proxy_robust_z,52,0.08518123399971955,0.0004267962884271653,179843,0.42912499258615805,200,2,0.03,,,,,,11,9,1.0,0.8181818181818182,0.9,applicable
ilinet,XGBoost,55,forecast_original,52,0.10169155099993077,0.00045731725001237815,179367,0.42912499258615805,200,2,0.03,0.7033103140920315,0.3728899094229803,9.963303248815272,0.8662050692561365,0.8662050692561365,0,9,,,,forecast_only
ilinet,XGBoost,55,injected_5pct,52,0.10169155099993077,0.0004437154615551173,179367,0.42912499258615805,200,2,0.03,,,,,,3,16,0.1875,1.0,0.3157894736842105,applicable
ilinet,XGBoost,55,injected_10pct,52,0.10169155099993077,0.00043879017311190604,179367,0.42912499258615805,200,2,0.03,,,,,,5,13,0.38461538461538464,1.0,0.5555555555555556,applicable
ilinet,XGBoost,55,proxy_robust_z,52,0.10169155099993077,0.0004807930769349976,179367,0.42912499258615805,200,2,0.03,,,,,,11,9,1.0,0.8181818181818182,0.9,applicable
ilinet,XGBoost,66,forecast_original,52,0.08288258499987933,0.000444973807720299,179367,0.42912499258615805,200,2,0.03,0.697467260485706,0.36935578334956964,9.878402452027299,0.8684189526228405,0.8684189526228405,0,10,,,,forecast_only
ilinet,XGBoost,66,injected_5pct,52,0.08288258499987933,0.0004279785961741184,179367,0.42912499258615805,200,2,0.03,,,,,,3,16,0.1875,1.0,0.3157894736842105,applicable
ilinet,XGBoost,66,injected_10pct,52,0.08288258499987933,0.00048803169233206764,179367,0.42912499258615805,200,2,0.03,,,,,,5,14,0.2857142857142857,0.8,0.42105263157894735,applicable
ilinet,XGBoost,66,proxy_robust_z,52,0.08288258499987933,0.00043323238462387683,179367,0.42912499258615805,200,2,0.03,,,,,,11,10,0.9,0.8181818181818182,0.8571428571428571,applicable
ilinet,XGBoost,77,forecast_original,52,0.07996777000016664,0.0004369848653945715,179571,0.42912499258615805,200,2,0.03,0.6738469749508496,0.36038440119325477,9.803476056761854,0.8771802377438648,0.8771802377438648,0,9,,,,forecast_only
ilinet,XGBoost,77,injected_5pct,52,0.07996777000016664,0.00043475421155282954,179571,0.42912499258615805,200,2,0.03,,,,,,3,16,0.1875,1.0,0.3157894736842105,applicable
ilinet,XGBoost,77,injected_10pct,52,0.07996777000016664,0.0004393439999935603,179571,0.42912499258615805,200,2,0.03,,,,,,5,12,0.3333333333333333,0.8,0.47058823529411764,applicable
ilinet,XGBoost,77,proxy_robust_z,52,0.07996777000016664,0.00043341255770183826,179571,0.42912499258615805,200,2,0.03,,,,,,11,9,1.0,0.8181818181818182,0.9,applicable
ilinet,XGBoost,88,forecast_original,52,0.07847980299993651,0.0004318897692358475,179299,0.42912499258615805,200,2,0.03,0.7196165735556631,0.38770154560591863,10.457785181639018,0.8599290737978875,0.8599290737978875,0,10,,,,forecast_only
ilinet,XGBoost,88,injected_5pct,52,0.07847980299993651,0.00044098759615105967,179299,0.42912499258615805,200,2,0.03,,,,,,3,17,0.17647058823529413,1.0,0.3,applicable
ilinet,XGBoost,88,injected_10pct,52,0.07847980299993651,0.0004516733269541034,179299,0.42912499258615805,200,2,0.03,,,,,,5,13,0.3076923076923077,0.8,0.4444444444444444,applicable
ilinet,XGBoost,88,proxy_robust_z,52,0.07847980299993651,0.00048201378845428384,179299,0.42912499258615805,200,2,0.03,,,,,,11,10,0.9,0.8181818181818182,0.8571428571428571,applicable
ilinet,XGBoost,99,forecast_original,52,0.08174135399985971,0.0004292928461451923,179435,0.42912499258615805,200,2,0.03,0.6861522072248284,0.36975335411761184,9.980550036846376,0.8726536165828,0.8726536165828,0,9,,,,forecast_only
ilinet,XGBoost,99,injected_5pct,52,0.08174135399985971,0.0004443752115741098,179435,0.42912499258615805,200,2,0.03,,,,,,3,16,0.1875,1.0,0.3157894736842105,applicable
ilinet,XGBoost,99,injected_10pct,52,0.08174135399985971,0.0007980744999958216,179435,0.42912499258615805,200,2,0.03,,,,,,5,12,0.3333333333333333,0.8,0.47058823529411764,applicable
ilinet,XGBoost,99,proxy_robust_z,52,0.08174135399985971,0.0005233757307136189,179435,0.42912499258615805,200,2,0.03,,,,,,11,9,1.0,0.8181818181818182,0.9,applicable
ilinet,XGBoost,110,forecast_original,52,0.07379918299966448,0.0004963009230585577,179503,0.42912499258615805,200,2,0.03,0.7037856426709705,0.37642145212828937,10.230393931887509,0.866024158941803,0.866024158941803,0,9,,,,forecast_only
ilinet,XGBoost,110,injected_5pct,52,0.07379918299966448,0.0004639343269270914,179503,0.42912499258615805,200,2,0.03,,,,,,3,16,0.1875,1.0,0.3157894736842105,applicable
ilinet,XGBoost,110,injected_10pct,52,0.07379918299966448,0.0004602260768776362,179503,0.42912499258615805,200,2,0.03,,,,,,5,12,0.3333333333333333,0.8,0.47058823529411764,applicable
ilinet,XGBoost,110,proxy_robust_z,52,0.07379918299966448,0.0004431545384897198,179503,0.42912499258615805,200,2,0.03,,,,,,11,9,1.0,0.8181818181818182,0.9,applicable
electricity,XGBoost,11,forecast_original,42,0.1216044740003781,0.00047477745238211355,303735,0.2642871716632531,200,4,0.03,0.13021182295701145,0.10580534655738023,11.71184506478357,0.6862823104432723,0.6862823104432723,0,2,,,,forecast_only
electricity,XGBoost,11,injected_5pct,42,0.1216044740003781,0.0004877085238409303,303735,0.2642871716632531,200,4,0.03,,,,,,2,4,0.5,1.0,0.6666666666666666,applicable
electricity,XGBoost,11,injected_10pct,42,0.1216044740003781,0.0004850674285448587,303735,0.2642871716632531,200,4,0.03,,,,,,4,7,0.5714285714285714,1.0,0.7272727272727273,applicable
electricity,XGBoost,11,proxy_robust_z,42,0.1216044740003781,0.0005653529523377594,303735,0.2642871716632531,200,4,0.03,,,,,,0,2,,,,not_applicable_no_positive_reference
electricity,XGBoost,22,forecast_original,42,0.22502703499958443,0.0009006462856913935,304619,0.2642871716632531,200,4,0.03,0.1306480944197727,0.10462818866534054,11.813176504721346,0.6841765821708579,0.6841765821708579,0,2,,,,forecast_only
electricity,XGBoost,22,injected_5pct,42,0.22502703499958443,0.0013832271428695787,304619,0.2642871716632531,200,4,0.03,,,,,,2,5,0.4,1.0,0.5714285714285714,applicable
electricity,XGBoost,22,injected_10pct,42,0.22502703499958443,0.0035274698333350465,304619,0.2642871716632531,200,4,0.03,,,,,,4,7,0.5714285714285714,1.0,0.7272727272727273,applicable
electricity,XGBoost,22,proxy_robust_z,42,0.22502703499958443,0.010838606928581655,304619,0.2642871716632531,200,4,0.03,,,,,,0,2,,,,not_applicable_no_positive_reference
electricity,XGBoost,33,forecast_original,42,1.622261127999991,0.0013537734285775861,305231,0.2642871716632531,200,4,0.03,0.13163967742141983,0.10369571671683542,11.724445752855923,0.6793643642425711,0.6793643642425711,0,2,,,,forecast_only
electricity,XGBoost,33,injected_5pct,42,1.622261127999991,0.000823129238066637,305231,0.2642871716632531,200,4,0.03,,,,,,2,4,0.5,1.0,0.6666666666666666,applicable
electricity,XGBoost,33,injected_10pct,42,1.622261127999991,0.0016438692143007454,305231,0.2642871716632531,200,4,0.03,,,,,,4,7,0.5714285714285714,1.0,0.7272727272727273,applicable
electricity,XGBoost,33,proxy_robust_z,42,1.622261127999991,0.0020349194047477276,305231,0.2642871716632531,200,4,0.03,,,,,,0,2,,,,not_applicable_no_positive_reference
electricity,XGBoost,44,forecast_original,42,0.5322723149997728,0.0012368058571610163,301559,0.2642871716632531,200,4,0.03,0.13283067352714284,0.10872466829668229,12.262841973667191,0.6735362842661983,0.6735362842661983,0,2,,,,forecast_only
electricity,XGBoost,44,injected_5pct,42,0.5322723149997728,0.002479983785709313,301559,0.2642871716632531,200,4,0.03,,,,,,2,5,0.4,1.0,0.5714285714285714,applicable
electricity,XGBoost,44,injected_10pct,42,0.5322723149997728,0.0024093575952325147,301559,0.2642871716632531,200,4,0.03,,,,,,4,7,0.5714285714285714,1.0,0.7272727272727273,applicable
electricity,XGBoost,44,proxy_robust_z,42,0.5322723149997728,0.0005357303571145167,301559,0.2642871716632531,200,4,0.03,,,,,,0,2,,,,not_applicable_no_positive_reference
electricity,XGBoost,55,forecast_original,42,0.12801961100012704,0.0004991905476301673,302783,0.2642871716632531,200,4,0.03,0.1288168685915551,0.10617978632380402,11.920487337283566,0.6929679974632506,0.6929679974632506,0,2,,,,forecast_only
electricity,XGBoost,55,injected_5pct,42,0.12801961100012704,0.0006858953809764248,302783,0.2642871716632531,200,4,0.03,,,,,,2,5,0.4,1.0,0.5714285714285714,applicable
electricity,XGBoost,55,injected_10pct,42,0.12801961100012704,0.0005234072857114196,302783,0.2642871716632531,200,4,0.03,,,,,,4,7,0.5714285714285714,1.0,0.7272727272727273,applicable
electricity,XGBoost,55,proxy_robust_z,42,0.12801961100012704,0.0004690868095492208,302783,0.2642871716632531,200,4,0.03,,,,,,0,2,,,,not_applicable_no_positive_reference
electricity,XGBoost,66,forecast_original,42,0.12695356100039135,0.00046637452381522354,304075,0.2642871716632531,200,4,0.03,0.12965369665994925,0.1047062105611066,11.907175124387665,0.6889659199028966,0.6889659199028966,0,2,,,,forecast_only
electricity,XGBoost,66,injected_5pct,42,0.12695356100039135,0.0005010246429070061,304075,0.2642871716632531,200,4,0.03,,,,,,2,5,0.4,1.0,0.5714285714285714,applicable
electricity,XGBoost,66,injected_10pct,42,0.12695356100039135,0.00046233947618713414,304075,0.2642871716632531,200,4,0.03,,,,,,4,7,0.5714285714285714,1.0,0.7272727272727273,applicable
electricity,XGBoost,66,proxy_robust_z,42,0.12695356100039135,0.00046661704761520795,304075,0.2642871716632531,200,4,0.03,,,,,,0,2,,,,not_applicable_no_positive_reference
electricity,XGBoost,77,forecast_original,42,0.127214885000285,0.00048751864286108076,304415,0.2642871716632531,200,4,0.03,0.12797973590003922,0.10208394088827177,11.460805483001709,0.6969456033434713,0.6969456033434713,0,2,,,,forecast_only
electricity,XGBoost,77,injected_5pct,42,0.127214885000285,0.000516719904745904,304415,0.2642871716632531,200,4,0.03,,,,,,2,5,0.4,1.0,0.5714285714285714,applicable
electricity,XGBoost,77,injected_10pct,42,0.127214885000285,0.0004777167381191594,304415,0.2642871716632531,200,4,0.03,,,,,,4,7,0.5714285714285714,1.0,0.7272727272727273,applicable
electricity,XGBoost,77,proxy_robust_z,42,0.127214885000285,0.00048057447617923444,304415,0.2642871716632531,200,4,0.03,,,,,,0,2,,,,not_applicable_no_positive_reference
electricity,XGBoost,88,forecast_original,42,0.16084369700001844,0.0006139301190593134,305979,0.2642871716632531,200,4,0.03,0.12795724015311996,0.10364722603556768,11.64343888829747,0.6970521332685692,0.6970521332685692,0,2,,,,forecast_only
electricity,XGBoost,88,injected_5pct,42,0.16084369700001844,0.00048368640479912715,305979,0.2642871716632531,200,4,0.03,,,,,,2,4,0.5,1.0,0.6666666666666666,applicable
electricity,XGBoost,88,injected_10pct,42,0.16084369700001844,0.0005382610476685624,305979,0.2642871716632531,200,4,0.03,,,,,,4,7,0.5714285714285714,1.0,0.7272727272727273,applicable
electricity,XGBoost,88,proxy_robust_z,42,0.16084369700001844,0.0005021845238063959,305979,0.2642871716632531,200,4,0.03,,,,,,0,2,,,,not_applicable_no_positive_reference
electricity,XGBoost,99,forecast_original,42,0.12527898200005438,0.00047557842856890816,303191,0.2642871716632531,200,4,0.03,0.13088856060371024,0.10394908626421055,11.502342907104957,0.683012925814402,0.683012925814402,0,2,,,,forecast_only
electricity,XGBoost,99,injected_5pct,42,0.12527898200005438,0.0006203969762303867,303191,0.2642871716632531,200,4,0.03,,,,,,2,4,0.5,1.0,0.6666666666666666,applicable
electricity,XGBoost,99,injected_10pct,42,0.12527898200005438,0.0004899902619399654,303191,0.2642871716632531,200,4,0.03,,,,,,4,7,0.5714285714285714,1.0,0.7272727272727273,applicable
electricity,XGBoost,99,proxy_robust_z,42,0.12527898200005438,0.00048219466663925104,303191,0.2642871716632531,200,4,0.03,,,,,,0,2,,,,not_applicable_no_positive_reference
electricity,XGBoost,110,forecast_original,42,0.1314821729997675,0.0004940125952760441,303259,0.2642871716632531,200,4,0.03,0.1295678842559845,0.10736283151284824,12.073183854215214,0.6893775047650461,0.6893775047650461,0,2,,,,forecast_only
electricity,XGBoost,110,injected_5pct,42,0.1314821729997675,0.0005045515952349975,303259,0.2642871716632531,200,4,0.03,,,,,,2,5,0.4,1.0,0.5714285714285714,applicable
electricity,XGBoost,110,injected_10pct,42,0.1314821729997675,0.00046253038091154374,303259,0.2642871716632531,200,4,0.03,,,,,,4,7,0.5714285714285714,1.0,0.7272727272727273,applicable
electricity,XGBoost,110,proxy_robust_z,42,0.1314821729997675,0.0004837809762020264,303259,0.2642871716632531,200,4,0.03,,,,,,0,2,,,,not_applicable_no_positive_reference
