dataset,model,model_type,seed,scenario,n_eval,K,training_time_sec,mean_inference_latency_sec,model_size_bytes,generations_ran,final_objective,threshold,mean_max_membership,mean_membership,RMSE,MAE,sMAPE,R2,R2_manual,n_reference_anomalies,n_detected,Precision,Recall,F1,metric_status
cholera,NFGA-Core,core,11,forecast_original,84,7,1.0372821459995976,7.006921425402522e-05,3024,40,0.3512268186303925,795.5579964812515,0.4355439458158543,0.14285714285706402,430.9163936548445,385.04429816432196,90.96977846235862,0.03837739604864765,0.03837739604864765,0,0,,,,forecast_only
cholera,NFGA-Core,core,11,injected_5pct,84,7,1.0372821459995976,6.252285718454957e-05,3024,40,0.3512268186303925,795.5579964812515,0.42328065368377965,0.14285714285704432,,,,,,4,10,0.4,1.0,0.5714285714285714,applicable
cholera,NFGA-Core,core,11,injected_10pct,84,7,1.0372821459995976,5.909865477146273e-05,3024,40,0.3512268186303925,795.5579964812515,0.4287204859221969,0.14285714285705065,,,,,,8,6,1.0,0.75,0.8571428571428571,applicable
cholera,NFGA-Core,core,11,proxy_robust_z,84,7,1.0372821459995976,6.188440484254984e-05,3024,40,0.3512268186303925,795.5579964812515,0.4355439458158543,0.14285714285706402,,,,,,0,0,,,,not_applicable_no_positive_reference
cholera,NFGA-Core,core,22,forecast_original,84,4,1.0165079990001686,6.804319054069874e-05,1728,40,0.3577021213549019,795.5579964812515,0.8579759097066625,0.2499999999997699,555.9735492556854,399.4248232714607,90.39081198812828,-0.6007624591523435,-0.6007624591523435,0,14,,,,forecast_only
cholera,NFGA-Core,core,22,injected_5pct,84,4,1.0165079990001686,6.395252378189027e-05,1728,40,0.3577021213549019,795.5579964812515,0.8056549092339333,0.24999999999969708,,,,,,4,4,1.0,1.0,1.0,applicable
cholera,NFGA-Core,core,22,injected_10pct,84,4,1.0165079990001686,5.924579756668079e-05,1728,40,0.3577021213549019,795.5579964812515,0.8271082956955347,0.24999999999972328,,,,,,8,5,0.6,0.375,0.46153846153846156,applicable
cholera,NFGA-Core,core,22,proxy_robust_z,84,4,1.0165079990001686,6.149957139963849e-05,1728,40,0.3577021213549019,795.5579964812515,0.8579759097066625,0.2499999999997699,,,,,,0,14,,,,not_applicable_no_positive_reference
cholera,NFGA-Core,core,33,forecast_original,84,8,1.0182853609994709,6.756602377728476e-05,3456,40,0.4058124936144224,795.5579964812515,0.23379501678940762,0.12499999999996923,570.0900058139368,407.13720421351275,88.70093312638966,-0.6830828130818074,-0.6830828130818074,0,14,,,,forecast_only
cholera,NFGA-Core,core,33,injected_5pct,84,8,1.0182853609994709,0.00011371123812187718,3456,40,0.4058124936144224,795.5579964812515,0.22833902365440975,0.1249999999999451,,,,,,4,24,0.16666666666666666,1.0,0.2857142857142857,applicable
cholera,NFGA-Core,core,33,injected_10pct,84,8,1.0182853609994709,6.739014285509863e-05,3456,40,0.4058124936144224,795.5579964812515,0.23114081054868696,0.12499999999995441,,,,,,8,4,0.75,0.375,0.5,applicable
cholera,NFGA-Core,core,33,proxy_robust_z,84,8,1.0182853609994709,6.159721432855545e-05,3456,40,0.4058124936144224,795.5579964812515,0.23379501678940762,0.12499999999996923,,,,,,0,14,,,,not_applicable_no_positive_reference
cholera,NFGA-Core,core,44,forecast_original,84,8,1.0190172829998119,6.782091668355861e-05,3456,40,0.32144219539229235,795.5579964812515,0.19049747387760319,0.12499999999997614,357.6998027010162,276.0264770018295,75.7210146377656,0.33739298201819357,0.33739298201819357,0,2,,,,forecast_only
cholera,NFGA-Core,core,44,injected_5pct,84,8,1.0190172829998119,6.439436904093738e-05,3456,40,0.32144219539229235,795.5579964812515,0.20897478926416072,0.12499999999997331,,,,,,4,8,0.5,1.0,0.6666666666666666,applicable
cholera,NFGA-Core,core,44,injected_10pct,84,8,1.0190172829998119,6.129834523129656e-05,3456,40,0.32144219539229235,795.5579964812515,0.20250734626266614,0.12499999999997437,,,,,,8,4,0.75,0.375,0.5,applicable
cholera,NFGA-Core,core,44,proxy_robust_z,84,8,1.0190172829998119,7.416576194633048e-05,3456,40,0.32144219539229235,795.5579964812515,0.19049747387760319,0.12499999999997614,,,,,,0,2,,,,not_applicable_no_positive_reference
cholera,NFGA-Core,core,55,forecast_original,84,8,1.0089277710003444,7.366947615342465e-05,3456,40,0.3130338629514668,795.5579964812515,0.32251920502256715,0.12499999999995938,347.6728160973411,325.28784827065414,88.78913995745023,0.37402051449308005,0.37402051449308005,0,0,,,,forecast_only
cholera,NFGA-Core,core,55,injected_5pct,84,8,1.0089277710003444,6.38899404986573e-05,3456,40,0.3130338629514668,795.5579964812515,0.3741616417600347,0.12499999999995107,,,,,,4,11,0.36363636363636365,1.0,0.5333333333333333,applicable
cholera,NFGA-Core,core,55,injected_10pct,84,8,1.0089277710003444,6.306748805616822e-05,3456,40,0.3130338629514668,795.5579964812515,0.35594293879686423,0.12499999999995405,,,,,,8,6,0.8333333333333334,0.625,0.7142857142857143,applicable
cholera,NFGA-Core,core,55,proxy_robust_z,84,8,1.0089277710003444,6.294064286564771e-05,3456,40,0.3130338629514668,795.5579964812515,0.32251920502256715,0.12499999999995938,,,,,,0,0,,,,not_applicable_no_positive_reference
cholera,NFGA-Core,core,66,forecast_original,84,8,1.012888789000499,7.369673810552784e-05,3456,36,0.3024286728338875,795.5579964812515,0.23951525374053867,0.12499999999996965,370.04410364338,300.0443650430642,81.53673251707907,0.2908704108758605,0.2908704108758605,0,3,,,,forecast_only
cholera,NFGA-Core,core,66,injected_5pct,84,8,1.012888789000499,7.216121435877063e-05,3456,36,0.3024286728338875,795.5579964812515,0.2719586191023514,0.1249999999999624,,,,,,4,24,0.16666666666666666,1.0,0.2857142857142857,applicable
cholera,NFGA-Core,core,66,injected_10pct,84,8,1.012888789000499,6.243857144129703e-05,3456,36,0.3024286728338875,795.5579964812515,0.26207138483628445,0.12499999999996488,,,,,,8,8,0.375,0.375,0.375,applicable
cholera,NFGA-Core,core,66,proxy_robust_z,84,8,1.012888789000499,7.094258337149637e-05,3456,36,0.3024286728338875,795.5579964812515,0.23951525374053867,0.12499999999996965,,,,,,0,3,,,,not_applicable_no_positive_reference
cholera,NFGA-Core,core,77,forecast_original,84,8,1.0463730920000671,7.170340472839598e-05,3456,40,0.4403133263866605,795.5579964812515,0.6780584490419327,0.1249999999999136,408.5204325566,392.4884750014361,97.11625002758232,0.13573645164440706,0.13573645164440706,0,2,,,,forecast_only
cholera,NFGA-Core,core,77,injected_5pct,84,8,1.0463730920000671,6.266127381119684e-05,3456,40,0.4403133263866605,795.5579964812515,0.6473084499553463,0.12499999999990524,,,,,,4,4,1.0,1.0,1.0,applicable
cholera,NFGA-Core,core,77,injected_10pct,84,8,1.0463730920000671,6.278284519924324e-05,3456,40,0.4403133263866605,795.5579964812515,0.6606164241745933,0.12499999999990803,,,,,,8,3,1.0,0.375,0.5454545454545454,applicable
cholera,NFGA-Core,core,77,proxy_robust_z,84,8,1.0463730920000671,6.53525951942616e-05,3456,40,0.4403133263866605,795.5579964812515,0.6780584490419327,0.1249999999999136,,,,,,0,2,,,,not_applicable_no_positive_reference
cholera,NFGA-Core,core,88,forecast_original,84,8,1.0170969920000061,6.505070241690278e-05,3456,40,0.34253822449073423,795.5579964812515,0.31905056047757496,0.12499999999995833,668.1027458537292,525.1182317013322,196.14910920623564,-1.311559855497785,-1.311559855497785,0,36,,,,forecast_only
cholera,NFGA-Core,core,88,injected_5pct,84,8,1.0170969920000061,6.809488095747102e-05,3456,40,0.34253822449073423,795.5579964812515,0.3336899286912495,0.12499999999994182,,,,,,4,8,0.5,1.0,0.6666666666666666,applicable
cholera,NFGA-Core,core,88,injected_10pct,84,8,1.0170969920000061,5.780334527116793e-05,3456,40,0.34253822449073423,795.5579964812515,0.3282156071194827,0.12499999999994811,,,,,,8,13,0.23076923076923078,0.375,0.2857142857142857,applicable
cholera,NFGA-Core,core,88,proxy_robust_z,84,8,1.0170969920000061,6.478564282155102e-05,3456,40,0.34253822449073423,795.5579964812515,0.31905056047757496,0.12499999999995833,,,,,,0,36,,,,not_applicable_no_positive_reference
cholera,NFGA-Core,core,99,forecast_original,84,8,1.3304370060004658,9.751926194483185e-05,3456,40,0.38725741556006826,795.5579964812515,0.4714083326449068,0.12499999999994078,558.8484875180194,469.1215086824248,91.99856404735824,-0.6173603421163953,-0.6173603421163953,0,2,,,,forecast_only
cholera,NFGA-Core,core,99,injected_5pct,84,8,1.3304370060004658,0.00013123105945634874,3456,40,0.38725741556006826,795.5579964812515,0.47845412842021606,0.1249999999999386,,,,,,4,44,0.09090909090909091,1.0,0.16666666666666666,applicable
cholera,NFGA-Core,core,99,injected_10pct,84,8,1.3304370060004658,9.346414279726949e-05,3456,40,0.38725741556006826,795.5579964812515,0.47672986981879883,0.12499999999993931,,,,,,8,11,0.7272727272727273,1.0,0.8421052631578947,applicable
cholera,NFGA-Core,core,99,proxy_robust_z,84,8,1.3304370060004658,0.00010026978569450356,3456,40,0.38725741556006826,795.5579964812515,0.4714083326449068,0.12499999999994078,,,,,,0,2,,,,not_applicable_no_positive_reference
cholera,NFGA-Core,core,110,forecast_original,84,7,1.4471525349999865,0.00010688188091903395,3024,40,0.3488494691426776,795.5579964812515,0.4365693499282904,0.14285714285707837,329.4216254298231,287.3474128797609,84.16292717517338,0.43801743564454276,0.43801743564454276,0,2,,,,forecast_only
cholera,NFGA-Core,core,110,injected_5pct,84,7,1.4471525349999865,0.0001055180833494281,3024,40,0.3488494691426776,795.5579964812515,0.43136342741600614,0.14285714285706744,,,,,,4,20,0.2,1.0,0.3333333333333333,applicable
cholera,NFGA-Core,core,110,injected_10pct,84,7,1.4471525349999865,9.698438088889816e-05,3024,40,0.3488494691426776,795.5579964812515,0.43473430097248567,0.14285714285707132,,,,,,8,5,0.6,0.375,0.46153846153846156,applicable
cholera,NFGA-Core,core,110,proxy_robust_z,84,7,1.4471525349999865,0.00010016924999858712,3024,40,0.3488494691426776,795.5579964812515,0.4365693499282904,0.14285714285707837,,,,,,0,2,,,,not_applicable_no_positive_reference
cholera,NFGA-LINEAR,linear,11,forecast_original,84,2,1.0714362250000704,0.00012350305953424097,1696,30,0.13258184772244552,419.8436433184498,0.7667286913340231,0.49999999999961037,135.49449058521643,107.80067552193074,98.9393972218618,0.90492597000617,0.90492597000617,0,2,,,,forecast_only
cholera,NFGA-LINEAR,linear,11,injected_5pct,84,2,1.0714362250000704,0.0001159299286189794,1696,30,0.13258184772244552,419.8436433184498,0.7575914160221492,0.4999999999996076,,,,,,4,10,0.4,1.0,0.5714285714285714,applicable
cholera,NFGA-LINEAR,linear,11,injected_10pct,84,2,1.0714362250000704,0.00011025857142634603,1696,30,0.13258184772244552,419.8436433184498,0.7622228084781837,0.49999999999960787,,,,,,8,9,0.4444444444444444,0.5,0.47058823529411764,applicable
cholera,NFGA-LINEAR,linear,11,proxy_robust_z,84,2,1.0714362250000704,0.00011668541667729317,1696,30,0.13258184772244552,419.8436433184498,0.7667286913340231,0.49999999999961037,,,,,,0,2,,,,not_applicable_no_positive_reference
cholera,NFGA-LINEAR,linear,22,forecast_original,84,2,1.032921537999755,7.169829756917135e-05,1696,40,0.13172713888884197,419.8436433184498,0.7257828472424558,0.49999999999963557,102.97987475283108,65.28609856250584,38.53396777345643,0.9450809079357911,0.9450809079357911,0,1,,,,forecast_only
cholera,NFGA-LINEAR,linear,22,injected_5pct,84,2,1.032921537999755,0.00014665396427170934,1696,40,0.13172713888884197,419.8436433184498,0.7346020632628332,0.4999999999996299,,,,,,4,9,0.4444444444444444,1.0,0.6153846153846154,applicable
cholera,NFGA-LINEAR,linear,22,injected_10pct,84,2,1.032921537999755,7.117129766378465e-05,1696,40,0.13172713888884197,419.8436433184498,0.7343650907185639,0.49999999999963035,,,,,,8,8,0.5,0.5,0.5,applicable
cholera,NFGA-LINEAR,linear,22,proxy_robust_z,84,2,1.032921537999755,6.38954642389373e-05,1696,40,0.13172713888884197,419.8436433184498,0.7257828472424558,0.49999999999963557,,,,,,0,1,,,,not_applicable_no_positive_reference
cholera,NFGA-LINEAR,linear,33,forecast_original,84,3,1.0534042979998048,7.141777383540535e-05,2544,40,0.13151907269665694,419.8436433184498,0.40057754265756657,0.33333333333295073,96.27539077141415,55.98454973638466,18.76850102745318,0.9519991187930622,0.9519991187930622,0,0,,,,forecast_only
cholera,NFGA-LINEAR,linear,33,injected_5pct,84,3,1.0534042979998048,6.743283339953147e-05,2544,40,0.13151907269665694,419.8436433184498,0.401963493949678,0.3333333333329612,,,,,,4,8,0.5,1.0,0.6666666666666666,applicable
cholera,NFGA-LINEAR,linear,33,injected_10pct,84,3,1.0534042979998048,6.129177387222062e-05,2544,40,0.13151907269665694,419.8436433184498,0.4033208371375526,0.33333333333295295,,,,,,8,7,0.5714285714285714,0.5,0.5333333333333333,applicable
cholera,NFGA-LINEAR,linear,33,proxy_robust_z,84,3,1.0534042979998048,7.745482137233055e-05,2544,40,0.13151907269665694,419.8436433184498,0.40057754265756657,0.33333333333295073,,,,,,0,0,,,,not_applicable_no_positive_reference
cholera,NFGA-LINEAR,linear,44,forecast_original,84,3,0.5688529369999742,8.120421428733e-05,2544,22,0.13387949903745142,419.8436433184498,0.33423375480065254,0.33333333333322185,103.84084154836084,76.76617047031073,34.63115822485015,0.9441587632439307,0.9441587632439307,0,0,,,,forecast_only
cholera,NFGA-LINEAR,linear,44,injected_5pct,84,3,0.5688529369999742,7.538577381724498e-05,2544,22,0.13387949903745142,419.8436433184498,0.33562328455589113,0.33333333333321985,,,,,,4,8,0.5,1.0,0.6666666666666666,applicable
cholera,NFGA-LINEAR,linear,44,injected_10pct,84,3,0.5688529369999742,8.074505953594607e-05,2544,22,0.13387949903745142,419.8436433184498,0.3351688646928212,0.3333333333332205,,,,,,8,7,0.5714285714285714,0.5,0.5333333333333333,applicable
cholera,NFGA-LINEAR,linear,44,proxy_robust_z,84,3,0.5688529369999742,6.733457140788752e-05,2544,22,0.13387949903745142,419.8436433184498,0.33423375480065254,0.33333333333322185,,,,,,0,0,,,,not_applicable_no_positive_reference
cholera,NFGA-LINEAR,linear,55,forecast_original,84,2,1.0059018629999628,7.509652378498036e-05,1696,40,0.13317137468863938,419.8436433184498,0.9806959014540372,0.4999999999995029,134.7627682445342,117.98555843590141,49.74970770618001,0.9059500698799717,0.9059500698799717,0,0,,,,forecast_only
cholera,NFGA-LINEAR,linear,55,injected_5pct,84,2,1.0059018629999628,6.461428559608369e-05,1696,40,0.13317137468863938,419.8436433184498,0.977940302101491,0.4999999999994979,,,,,,4,8,0.5,1.0,0.6666666666666666,applicable
cholera,NFGA-LINEAR,linear,55,injected_10pct,84,2,1.0059018629999628,7.359542857037533e-05,1696,40,0.13317137468863938,419.8436433184498,0.9795484140202269,0.49999999999949907,,,,,,8,7,0.5714285714285714,0.5,0.5333333333333333,applicable
cholera,NFGA-LINEAR,linear,55,proxy_robust_z,84,2,1.0059018629999628,6.542614290169912e-05,1696,40,0.13317137468863938,419.8436433184498,0.9806959014540372,0.4999999999995029,,,,,,0,0,,,,not_applicable_no_positive_reference
cholera,NFGA-LINEAR,linear,66,forecast_original,84,2,0.9819744870001159,6.77777500294767e-05,1696,40,0.1317776233163788,419.8436433184498,0.5282920290629116,0.49999999999961997,126.77256822068634,107.37866908221544,45.44669204554262,0.9167720481363749,0.9167720481363749,0,0,,,,forecast_only
cholera,NFGA-LINEAR,linear,66,injected_5pct,84,2,0.9819744870001159,6.423732148028822e-05,1696,40,0.1317776233163788,419.8436433184498,0.5202539759559802,0.4999999999996118,,,,,,4,8,0.5,1.0,0.6666666666666666,applicable
cholera,NFGA-LINEAR,linear,66,injected_10pct,84,2,0.9819744870001159,6.437834521680738e-05,1696,40,0.1317776233163788,419.8436433184498,0.5208974263002093,0.4999999999996121,,,,,,8,7,0.5714285714285714,0.5,0.5333333333333333,applicable
cholera,NFGA-LINEAR,linear,66,proxy_robust_z,84,2,0.9819744870001159,6.877090476380199e-05,1696,40,0.1317776233163788,419.8436433184498,0.5282920290629116,0.49999999999961997,,,,,,0,0,,,,not_applicable_no_positive_reference
cholera,NFGA-LINEAR,linear,77,forecast_original,84,3,0.5745471809996161,6.978255950820138e-05,2544,21,0.13298625926025456,419.8436433184498,0.4581121120713362,0.3333333333331776,203.3380551786156,182.6687045062526,112.35980952942879,0.7858806279426603,0.7858806279426603,0,2,,,,forecast_only
cholera,NFGA-LINEAR,linear,77,injected_5pct,84,3,0.5745471809996161,6.310694050712517e-05,2544,21,0.13298625926025456,419.8436433184498,0.4716771288340543,0.333333333333159,,,,,,4,10,0.4,1.0,0.5714285714285714,applicable
cholera,NFGA-LINEAR,linear,77,injected_10pct,84,3,0.5745471809996161,7.850433333563463e-05,2544,21,0.13298625926025456,419.8436433184498,0.46841986570061533,0.33333333333316545,,,,,,8,9,0.4444444444444444,0.5,0.47058823529411764,applicable
cholera,NFGA-LINEAR,linear,77,proxy_robust_z,84,3,0.5745471809996161,6.122545237087165e-05,2544,21,0.13298625926025456,419.8436433184498,0.4581121120713362,0.3333333333331776,,,,,,0,2,,,,not_applicable_no_positive_reference
cholera,NFGA-LINEAR,linear,88,forecast_original,84,3,0.394471896000141,0.0001001544047496628,2544,15,0.13283296892272348,419.8436433184498,0.4237191436902641,0.3333333333331915,218.2377412615556,206.80135894011786,67.97442729452065,0.7533515751128166,0.7533515751128166,0,2,,,,forecast_only
cholera,NFGA-LINEAR,linear,88,injected_5pct,84,3,0.394471896000141,7.236028572844502e-05,2544,15,0.13283296892272348,419.8436433184498,0.44080567009446076,0.33333333333318277,,,,,,4,10,0.4,1.0,0.5714285714285714,applicable
cholera,NFGA-LINEAR,linear,88,injected_10pct,84,3,0.394471896000141,6.809269053692766e-05,2544,15,0.13283296892272348,419.8436433184498,0.43498853666286325,0.3333333333331857,,,,,,8,9,0.4444444444444444,0.5,0.47058823529411764,applicable
cholera,NFGA-LINEAR,linear,88,proxy_robust_z,84,3,0.394471896000141,6.186309516514095e-05,2544,15,0.13283296892272348,419.8436433184498,0.4237191436902641,0.3333333333331915,,,,,,0,2,,,,not_applicable_no_positive_reference
cholera,NFGA-LINEAR,linear,99,forecast_original,84,3,1.0195846099995833,7.160904765225409e-05,2544,40,0.13075420825588888,419.8436433184498,0.3356791670418628,0.3333333333332212,112.93697005834922,81.14731525868324,78.50136750217081,0.933947251401489,0.933947251401489,0,1,,,,forecast_only
cholera,NFGA-LINEAR,linear,99,injected_5pct,84,3,1.0195846099995833,7.146953564751173e-05,2544,40,0.13075420825588888,419.8436433184498,0.3601670606426082,0.3333333333332111,,,,,,4,9,0.4444444444444444,1.0,0.6153846153846154,applicable
cholera,NFGA-LINEAR,linear,99,injected_10pct,84,3,1.0195846099995833,6.31945833469044e-05,2544,40,0.13075420825588888,419.8436433184498,0.35129731090726035,0.3333333333332148,,,,,,8,8,0.5,0.5,0.5,applicable
cholera,NFGA-LINEAR,linear,99,proxy_robust_z,84,3,1.0195846099995833,6.835552386248656e-05,2544,40,0.13075420825588888,419.8436433184498,0.3356791670418628,0.3333333333332212,,,,,,0,1,,,,not_applicable_no_positive_reference
cholera,NFGA-LINEAR,linear,110,forecast_original,84,2,0.27269376599997486,7.27942737869723e-05,1696,11,0.13296438161554486,419.8436433184498,0.6859291503367182,0.4999999999996562,126.08425869848531,107.78017297331701,46.798516398806974,0.9176733641590866,0.9176733641590866,0,0,,,,forecast_only
cholera,NFGA-LINEAR,linear,110,injected_5pct,84,2,0.27269376599997486,6.813304764277528e-05,1696,11,0.13296438161554486,419.8436433184498,0.6976676877071212,0.499999999999646,,,,,,4,8,0.5,1.0,0.6666666666666666,applicable
cholera,NFGA-LINEAR,linear,110,injected_10pct,84,2,0.27269376599997486,7.10951309472529e-05,1696,11,0.13296438161554486,419.8436433184498,0.696381489324043,0.499999999999648,,,,,,8,7,0.5714285714285714,0.5,0.5333333333333333,applicable
cholera,NFGA-LINEAR,linear,110,proxy_robust_z,84,2,0.27269376599997486,7.11139166685912e-05,1696,11,0.13296438161554486,419.8436433184498,0.6859291503367182,0.4999999999996562,,,,,,0,0,,,,not_applicable_no_positive_reference
ilinet,NFGA-Core,core,11,forecast_original,52,8,0.8593386400007148,7.107776925225223e-05,1664,40,0.4192621429179586,2.0323563160029625,0.4444511902159726,0.12499999999960208,0.7552647483289275,0.5246408999388075,16.728500952487472,0.8457077488352889,0.8457077488352889,0,2,,,,forecast_only
ilinet,NFGA-Core,core,11,injected_5pct,52,8,0.8593386400007148,6.867913461624434e-05,1664,40,0.4192621429179586,2.0323563160029625,0.444869462424449,0.12499999999957337,,,,,,3,4,0.5,0.6666666666666666,0.5714285714285714,applicable
ilinet,NFGA-Core,core,11,injected_10pct,52,8,0.8593386400007148,6.139398069885479e-05,1664,40,0.4192621429179586,2.0323563160029625,0.4147974890644865,0.12499999999970024,,,,,,5,6,0.3333333333333333,0.4,0.36363636363636365,applicable
ilinet,NFGA-Core,core,11,proxy_robust_z,52,8,0.8593386400007148,6.203505766349666e-05,1664,40,0.4192621429179586,2.0323563160029625,0.4444511902159726,0.12499999999960208,,,,,,11,2,1.0,0.18181818181818182,0.3076923076923077,applicable
ilinet,NFGA-Core,core,22,forecast_original,52,5,0.9695151320001969,0.00012092805764041259,1040,40,0.5174004113556675,2.0323563160029625,0.7157100571613259,0.19999999999971757,0.8294844581213027,0.5873044242731429,21.68008209812264,0.8138932210794066,0.8138932210794066,0,3,,,,forecast_only
ilinet,NFGA-Core,core,22,injected_5pct,52,5,0.9695151320001969,9.36667884511385e-05,1040,40,0.5174004113556675,2.0323563160029625,0.7522786247871001,0.19999999999968368,,,,,,3,4,0.25,0.3333333333333333,0.2857142857142857,applicable
ilinet,NFGA-Core,core,22,injected_10pct,52,5,0.9695151320001969,9.348361543113872e-05,1040,40,0.5174004113556675,2.0323563160029625,0.7121932302042832,0.1999999999997128,,,,,,5,4,0.0,0.0,0.0,applicable
ilinet,NFGA-Core,core,22,proxy_robust_z,52,5,0.9695151320001969,9.342684611860583e-05,1040,40,0.5174004113556675,2.0323563160029625,0.7157100571613259,0.19999999999971757,,,,,,11,3,1.0,0.2727272727272727,0.42857142857142855,applicable
ilinet,NFGA-Core,core,33,forecast_original,52,8,1.0950719660004324,0.0001214970770538807,1664,40,0.446857227464663,2.0323563160029625,0.5034960335795964,0.12499999998262766,0.7481312837862428,0.5201544708185214,19.15029465836873,0.8486085608987454,0.8486085608987454,0,3,,,,forecast_only
ilinet,NFGA-Core,core,33,injected_5pct,52,8,1.0950719660004324,0.0001398530000467592,1664,40,0.446857227464663,2.0323563160029625,0.5127972368864145,0.12499999998052987,,,,,,3,4,0.25,0.3333333333333333,0.2857142857142857,applicable
ilinet,NFGA-Core,core,33,injected_10pct,52,8,1.0950719660004324,9.793280768322942e-05,1664,40,0.446857227464663,2.0323563160029625,0.48822676730336945,0.12499999999287811,,,,,,5,4,0.0,0.0,0.0,applicable
ilinet,NFGA-Core,core,33,proxy_robust_z,52,8,1.0950719660004324,0.0001429133846193928,1664,40,0.446857227464663,2.0323563160029625,0.5034960335795964,0.12499999998262766,,,,,,11,3,1.0,0.2727272727272727,0.42857142857142855,applicable
ilinet,NFGA-Core,core,44,forecast_original,52,8,1.1203388159992755,0.00011090471154882555,1664,40,0.43968592424688135,2.0323563160029625,0.5494719807500507,0.12499999999926051,0.732140001223906,0.41032471967404377,12.102947286812968,0.8550113662325621,0.8550113662325621,0,3,,,,forecast_only
ilinet,NFGA-Core,core,44,injected_5pct,52,8,1.1203388159992755,9.171351934338208e-05,1664,40,0.43968592424688135,2.0323563160029625,0.5632538079078,0.12499999999922576,,,,,,3,5,0.4,0.6666666666666666,0.5,applicable
ilinet,NFGA-Core,core,44,injected_10pct,52,8,1.1203388159992755,9.32544807290889e-05,1664,40,0.43968592424688135,2.0323563160029625,0.5419078221184424,0.12499999999948222,,,,,,5,5,0.2,0.2,0.2,applicable
ilinet,NFGA-Core,core,44,proxy_robust_z,52,8,1.1203388159992755,9.262863459997998e-05,1664,40,0.43968592424688135,2.0323563160029625,0.5494719807500507,0.12499999999926051,,,,,,11,3,1.0,0.2727272727272727,0.42857142857142855,applicable
ilinet,NFGA-Core,core,55,forecast_original,52,7,0.6202401150003425,0.0001550109999558257,1456,22,0.43184582563825546,2.0323563160029625,0.599540473309466,0.14285714285696066,0.7299941813066837,0.5175201045820679,17.665778108422554,0.8558600114902412,0.8558600114902412,0,2,,,,forecast_only
ilinet,NFGA-Core,core,55,injected_5pct,52,7,0.6202401150003425,9.827540377325652e-05,1456,22,0.43184582563825546,2.0323563160029625,0.6087154178786064,0.14285714285694393,,,,,,3,5,0.4,0.6666666666666666,0.5,applicable
ilinet,NFGA-Core,core,55,injected_10pct,52,7,0.6202401150003425,9.328517309698397e-05,1456,22,0.43184582563825546,2.0323563160029625,0.5786959386648468,0.14285714285696624,,,,,,5,3,0.3333333333333333,0.2,0.25,applicable
ilinet,NFGA-Core,core,55,proxy_robust_z,52,7,0.6202401150003425,9.454821147650924e-05,1456,22,0.43184582563825546,2.0323563160029625,0.599540473309466,0.14285714285696066,,,,,,11,2,1.0,0.18181818181818182,0.3076923076923077,applicable
ilinet,NFGA-Core,core,66,forecast_original,52,8,1.0978832099999636,7.132182690838818e-05,1664,40,0.46171341919019987,2.0323563160029625,0.5115218886114627,0.12499999994682588,0.794268975099554,0.5338145574897879,19.081768210367397,0.8293599836311645,0.8293599836311645,0,2,,,,forecast_only
ilinet,NFGA-Core,core,66,injected_5pct,52,8,1.0978832099999636,7.222374997931744e-05,1664,40,0.46171341919019987,2.0323563160029625,0.5248450772664498,0.12499999994401345,,,,,,3,4,0.25,0.3333333333333333,0.2857142857142857,applicable
ilinet,NFGA-Core,core,66,injected_10pct,52,8,1.0978832099999636,6.869434624744687e-05,1664,40,0.46171341919019987,2.0323563160029625,0.49206432083359974,0.12499999997979026,,,,,,5,2,0.0,0.0,0.0,applicable
ilinet,NFGA-Core,core,66,proxy_robust_z,52,8,1.0978832099999636,6.172517310705398e-05,1664,40,0.46171341919019987,2.0323563160029625,0.5115218886114627,0.12499999994682588,,,,,,11,2,1.0,0.18181818181818182,0.3076923076923077,applicable
ilinet,NFGA-Core,core,77,forecast_original,52,6,0.8106926480004404,7.313103856176895e-05,1248,40,0.440503415659884,2.0323563160029625,0.7509403261203867,0.16666666666640878,0.7245514204314573,0.5109895311174537,17.085385401882565,0.8580013842903849,0.8580013842903849,0,2,,,,forecast_only
ilinet,NFGA-Core,core,77,injected_5pct,52,6,0.8106926480004404,7.206036530778174e-05,1248,40,0.440503415659884,2.0323563160029625,0.7721079035011991,0.16666666666638655,,,,,,3,4,0.5,0.6666666666666666,0.5714285714285714,applicable
ilinet,NFGA-Core,core,77,injected_10pct,52,6,0.8106926480004404,6.801409620913127e-05,1248,40,0.440503415659884,2.0323563160029625,0.7635140450568579,0.16666666666641325,,,,,,5,5,0.4,0.4,0.4,applicable
ilinet,NFGA-Core,core,77,proxy_robust_z,52,6,0.8106926480004404,6.697332694854525e-05,1248,40,0.440503415659884,2.0323563160029625,0.7509403261203867,0.16666666666640878,,,,,,11,2,1.0,0.18181818181818182,0.3076923076923077,applicable
ilinet,NFGA-Core,core,88,forecast_original,52,7,0.8183157749999737,7.702803838163582e-05,1456,40,0.5094621938503173,2.0323563160029625,0.6241242476962774,0.14285714285701095,0.6857308950421993,0.3954791208993033,12.30552051387383,0.8728099553958621,0.8728099553958621,0,3,,,,forecast_only
ilinet,NFGA-Core,core,88,injected_5pct,52,7,0.8183157749999737,0.00011054446148451601,1456,40,0.5094621938503173,2.0323563160029625,0.6356148008358228,0.14285714285700443,,,,,,3,5,0.4,0.6666666666666666,0.5,applicable
ilinet,NFGA-Core,core,88,injected_10pct,52,7,0.8183157749999737,6.632430762902704e-05,1456,40,0.5094621938503173,2.0323563160029625,0.6113489533815851,0.1428571428570093,,,,,,5,3,0.0,0.0,0.0,applicable
ilinet,NFGA-Core,core,88,proxy_robust_z,52,7,0.8183157749999737,7.476051928279048e-05,1456,40,0.5094621938503173,2.0323563160029625,0.6241242476962774,0.14285714285701095,,,,,,11,3,1.0,0.2727272727272727,0.42857142857142855,applicable
ilinet,NFGA-Core,core,99,forecast_original,52,8,0.8067797550002069,7.371415391879474e-05,1664,40,0.4325227696584779,2.0323563160029625,0.4490569580752292,0.12499999999991258,0.6810120801896313,0.4275201384734839,13.4893146138694,0.8745544333054897,0.8745544333054897,0,2,,,,forecast_only
ilinet,NFGA-Core,core,99,injected_5pct,52,8,0.8067797550002069,6.828325002481087e-05,1664,40,0.4325227696584779,2.0323563160029625,0.46708926631258463,0.12499999999990756,,,,,,3,3,0.3333333333333333,0.3333333333333333,0.3333333333333333,applicable
ilinet,NFGA-Core,core,99,injected_10pct,52,8,0.8067797550002069,6.219165390155886e-05,1664,40,0.4325227696584779,2.0323563160029625,0.44686196496466457,0.12499999999991675,,,,,,5,3,0.0,0.0,0.0,applicable
ilinet,NFGA-Core,core,99,proxy_robust_z,52,8,0.8067797550002069,7.415111545364758e-05,1664,40,0.4325227696584779,2.0323563160029625,0.4490569580752292,0.12499999999991258,,,,,,11,2,1.0,0.18181818181818182,0.3076923076923077,applicable
ilinet,NFGA-Core,core,110,forecast_original,52,7,0.8165344310000364,6.768332696083235e-05,1456,40,0.4751135315134655,2.0323563160029625,0.5728451179190756,0.14285714285700887,0.7329643668548551,0.5147920243762849,19.235332923474953,0.8546846775221807,0.8546846775221807,0,1,,,,forecast_only
ilinet,NFGA-Core,core,110,injected_5pct,52,7,0.8165344310000364,6.788221151929555e-05,1456,40,0.4751135315134655,2.0323563160029625,0.5815275916046387,0.14285714285700093,,,,,,3,2,0.5,0.3333333333333333,0.4,applicable
ilinet,NFGA-Core,core,110,injected_10pct,52,7,0.8165344310000364,6.358113457211472e-05,1456,40,0.4751135315134655,2.0323563160029625,0.5594629800922074,0.14285714285700962,,,,,,5,3,0.0,0.0,0.0,applicable
ilinet,NFGA-Core,core,110,proxy_robust_z,52,7,0.8165344310000364,6.444246150749677e-05,1456,40,0.4751135315134655,2.0323563160029625,0.5728451179190756,0.14285714285700887,,,,,,11,1,1.0,0.09090909090909091,0.16666666666666666,applicable
ilinet,NFGA-LINEAR,linear,11,forecast_original,52,7,0.8863152969997827,7.862457692471462e-05,2800,40,0.207325734109089,0.46832553847193575,0.43120702574816455,0.1428571423143401,0.47143099654047577,0.25522241533713635,6.746200799750265,0.939885124204474,0.939885124204474,0,8,,,,forecast_only
ilinet,NFGA-LINEAR,linear,11,injected_5pct,52,7,0.8863152969997827,0.00010643598076197892,2800,40,0.207325734109089,0.46832553847193575,0.4430227763244869,0.14285714205111352,,,,,,3,14,0.21428571428571427,1.0,0.35294117647058826,applicable
ilinet,NFGA-LINEAR,linear,11,injected_10pct,52,7,0.8863152969997827,0.000153150634717419,2800,40,0.207325734109089,0.46832553847193575,0.43180266495106034,0.1428571425132148,,,,,,5,12,0.4166666666666667,1.0,0.5882352941176471,applicable
ilinet,NFGA-LINEAR,linear,11,proxy_robust_z,52,7,0.8863152969997827,0.00013576365392089848,2800,40,0.207325734109089,0.46832553847193575,0.43120702574816455,0.1428571423143401,,,,,,11,8,1.0,0.7272727272727273,0.8421052631578947,applicable
ilinet,NFGA-LINEAR,linear,22,forecast_original,52,7,0.8627787249997709,6.862051916938911e-05,2800,40,0.21641370095168863,0.46832553847193575,0.37269078061049465,0.14285714285704396,0.44041940122669837,0.2513735113393204,7.596856573078507,0.9475339256302632,0.9475339256302632,0,8,,,,forecast_only
ilinet,NFGA-LINEAR,linear,22,injected_5pct,52,7,0.8627787249997709,0.00011795959602960256,2800,40,0.21641370095168863,0.46832553847193575,0.38136411683406735,0.142857142857037,,,,,,3,14,0.21428571428571427,1.0,0.35294117647058826,applicable
ilinet,NFGA-LINEAR,linear,22,injected_10pct,52,7,0.8627787249997709,6.727782696403805e-05,2800,40,0.21641370095168863,0.46832553847193575,0.3648082858386654,0.14285714285705,,,,,,5,12,0.4166666666666667,1.0,0.5882352941176471,applicable
ilinet,NFGA-LINEAR,linear,22,proxy_robust_z,52,7,0.8627787249997709,9.495253847000221e-05,2800,40,0.21641370095168863,0.46832553847193575,0.37269078061049465,0.14285714285704396,,,,,,11,8,1.0,0.7272727272727273,0.8421052631578947,applicable
ilinet,NFGA-LINEAR,linear,33,forecast_original,52,8,0.8909070800000336,7.386461538771982e-05,3200,40,0.21227371360799635,0.46832553847193575,0.19892623317093588,0.12499999999996136,0.43593979774812575,0.2636831247606803,8.344442074077616,0.9485957859917653,0.9485957859917653,0,7,,,,forecast_only
ilinet,NFGA-LINEAR,linear,33,injected_5pct,52,8,0.8909070800000336,7.833086537035482e-05,3200,40,0.21227371360799635,0.46832553847193575,0.19851684592726743,0.12499999999996071,,,,,,3,13,0.23076923076923078,1.0,0.375,applicable
ilinet,NFGA-LINEAR,linear,33,injected_10pct,52,8,0.8909070800000336,7.609821155850883e-05,3200,40,0.21227371360799635,0.46832553847193575,0.18661680897420052,0.1249999999999652,,,,,,5,12,0.4166666666666667,1.0,0.5882352941176471,applicable
ilinet,NFGA-LINEAR,linear,33,proxy_robust_z,52,8,0.8909070800000336,8.22230961148307e-05,3200,40,0.21227371360799635,0.46832553847193575,0.19892623317093588,0.12499999999996136,,,,,,11,7,1.0,0.6363636363636364,0.7777777777777778,applicable
ilinet,NFGA-LINEAR,linear,44,forecast_original,52,4,0.7640145309997024,0.00011696115386537433,1600,34,0.20901410747823412,0.46832553847193575,0.6417122164208597,0.2499999999940992,0.4517083596774049,0.2618351861557173,7.029179545661902,0.9448098032471961,0.9448098032471961,0,7,,,,forecast_only
ilinet,NFGA-LINEAR,linear,44,injected_5pct,52,4,0.7640145309997024,8.373919228268697e-05,1600,34,0.20901410747823412,0.46832553847193575,0.6427610298727544,0.24999999999373276,,,,,,3,14,0.21428571428571427,1.0,0.35294117647058826,applicable
ilinet,NFGA-LINEAR,linear,44,injected_10pct,52,4,0.7640145309997024,7.386682694651917e-05,1600,34,0.20901410747823412,0.46832553847193575,0.6108027385414891,0.2499999999966067,,,,,,5,13,0.38461538461538464,1.0,0.5555555555555556,applicable
ilinet,NFGA-LINEAR,linear,44,proxy_robust_z,52,4,0.7640145309997024,6.324832698877659e-05,1600,34,0.20901410747823412,0.46832553847193575,0.6417122164208597,0.2499999999940992,,,,,,11,7,1.0,0.6363636363636364,0.7777777777777778,applicable
ilinet,NFGA-LINEAR,linear,55,forecast_original,52,6,0.8534635229998457,7.606759621781888e-05,2400,40,0.22047435587400444,0.46832553847193575,0.2977358917855065,0.16666666666655,0.42465190794262253,0.26528849283240913,8.399221324192304,0.9512233639097588,0.9512233639097588,0,7,,,,forecast_only
ilinet,NFGA-LINEAR,linear,55,injected_5pct,52,6,0.8534635229998457,6.884271152347747e-05,2400,40,0.22047435587400444,0.46832553847193575,0.3020933399384102,0.16666666666654809,,,,,,3,14,0.21428571428571427,1.0,0.35294117647058826,applicable
ilinet,NFGA-LINEAR,linear,55,injected_10pct,52,6,0.8534635229998457,6.9782788509306e-05,2400,40,0.22047435587400444,0.46832553847193575,0.29208459714591045,0.16666666666656552,,,,,,5,12,0.4166666666666667,1.0,0.5882352941176471,applicable
ilinet,NFGA-LINEAR,linear,55,proxy_robust_z,52,6,0.8534635229998457,6.963217312589292e-05,2400,40,0.22047435587400444,0.46832553847193575,0.2977358917855065,0.16666666666655,,,,,,11,7,1.0,0.6363636363636364,0.7777777777777778,applicable
ilinet,NFGA-LINEAR,linear,66,forecast_original,52,8,0.6925963110006705,0.00013299846161247004,3200,28,0.22449759037215075,0.46832553847193575,0.2303055444887552,0.12499999999996624,0.4489044075050391,0.2686749945959285,8.283505315871246,0.9454928562218878,0.9454928562218878,0,7,,,,forecast_only
ilinet,NFGA-LINEAR,linear,66,injected_5pct,52,8,0.6925963110006705,0.0001141869422903815,3200,28,0.22449759037215075,0.46832553847193575,0.23184593519309663,0.12499999999996522,,,,,,3,13,0.23076923076923078,1.0,0.375,applicable
ilinet,NFGA-LINEAR,linear,66,injected_10pct,52,8,0.6925963110006705,0.00010234180773785248,3200,28,0.22449759037215075,0.46832553847193575,0.2215842911069218,0.12499999999996711,,,,,,5,11,0.45454545454545453,1.0,0.625,applicable
ilinet,NFGA-LINEAR,linear,66,proxy_robust_z,52,8,0.6925963110006705,0.00011132030768889168,3200,28,0.22449759037215075,0.46832553847193575,0.2303055444887552,0.12499999999996624,,,,,,11,7,1.0,0.6363636363636364,0.7777777777777778,applicable
ilinet,NFGA-LINEAR,linear,77,forecast_original,52,8,0.9452622550006708,0.00010932605767685836,3200,32,0.2196198124478733,0.46832553847193575,0.2814461135001063,0.12499999999995848,0.44897441372904034,0.273979217204715,9.318229408402914,0.9454758542197177,0.9454758542197177,0,7,,,,forecast_only
ilinet,NFGA-LINEAR,linear,77,injected_5pct,52,8,0.9452622550006708,0.00010028284619833218,3200,32,0.2196198124478733,0.46832553847193575,0.28239528497975536,0.12499999999995745,,,,,,3,15,0.2,1.0,0.3333333333333333,applicable
ilinet,NFGA-LINEAR,linear,77,injected_10pct,52,8,0.9452622550006708,0.0001086606153316657,3200,32,0.2196198124478733,0.46832553847193575,0.2698609258666672,0.12499999999996018,,,,,,5,11,0.36363636363636365,0.8,0.5,applicable
ilinet,NFGA-LINEAR,linear,77,proxy_robust_z,52,8,0.9452622550006708,0.00011809880771369745,3200,32,0.2196198124478733,0.46832553847193575,0.2814461135001063,0.12499999999995848,,,,,,11,7,1.0,0.6363636363636364,0.7777777777777778,applicable
ilinet,NFGA-LINEAR,linear,88,forecast_original,52,8,1.2062300510006025,0.00010280519240250914,3200,40,0.2143258987972519,0.46832553847193575,0.2659284446462242,0.12499999999994912,0.4414832580095979,0.2442509158682174,6.646264040295996,0.947280150239435,0.947280150239435,0,8,,,,forecast_only
ilinet,NFGA-LINEAR,linear,88,injected_5pct,52,8,1.2062300510006025,0.00012283096153763696,3200,40,0.2143258987972519,0.46832553847193575,0.2691161511348492,0.12499999999994792,,,,,,3,14,0.21428571428571427,1.0,0.35294117647058826,applicable
ilinet,NFGA-LINEAR,linear,88,injected_10pct,52,8,1.2062300510006025,0.0001025945961933198,3200,40,0.2143258987972519,0.46832553847193575,0.2632806808948209,0.1249999999999522,,,,,,5,11,0.45454545454545453,1.0,0.625,applicable
ilinet,NFGA-LINEAR,linear,88,proxy_robust_z,52,8,1.2062300510006025,0.00010065178840844825,3200,40,0.2143258987972519,0.46832553847193575,0.2659284446462242,0.12499999999994912,,,,,,11,8,1.0,0.7272727272727273,0.8421052631578947,applicable
ilinet,NFGA-LINEAR,linear,99,forecast_original,52,8,0.7255356019995816,0.00012275624997598172,3200,23,0.22193587086275246,0.46832553847193575,0.20409104880167409,0.12499999999996321,0.43654844448010094,0.27486595083845866,9.279869781546877,0.9484521475901253,0.9484521475901253,0,7,,,,forecast_only
ilinet,NFGA-LINEAR,linear,99,injected_5pct,52,8,0.7255356019995816,9.580940379167329e-05,3200,23,0.22193587086275246,0.46832553847193575,0.20411779351248444,0.12499999999996256,,,,,,3,13,0.23076923076923078,1.0,0.375,applicable
ilinet,NFGA-LINEAR,linear,99,injected_10pct,52,8,0.7255356019995816,9.30691730725532e-05,3200,23,0.22193587086275246,0.46832553847193575,0.1962518617919247,0.12499999999996587,,,,,,5,14,0.35714285714285715,1.0,0.5263157894736842,applicable
ilinet,NFGA-LINEAR,linear,99,proxy_robust_z,52,8,0.7255356019995816,9.427709617809272e-05,3200,23,0.22193587086275246,0.46832553847193575,0.20409104880167409,0.12499999999996321,,,,,,11,7,1.0,0.6363636363636364,0.7777777777777778,applicable
ilinet,NFGA-LINEAR,linear,110,forecast_original,52,8,1.3509658379998655,0.00014415553846447438,3200,40,0.2161246492730241,0.46832553847193575,0.4304958324125096,0.1249999999998909,0.42176943369454833,0.25589103066126756,7.345425958527,0.951883293690661,0.951883293690661,0,6,,,,forecast_only
ilinet,NFGA-LINEAR,linear,110,injected_5pct,52,8,1.3509658379998655,0.00015815273076651254,3200,40,0.2161246492730241,0.46832553847193575,0.4349899278812469,0.1249999999998897,,,,,,3,13,0.23076923076923078,1.0,0.375,applicable
ilinet,NFGA-LINEAR,linear,110,injected_10pct,52,8,1.3509658379998655,0.000104227903858163,3200,40,0.2161246492730241,0.46832553847193575,0.404364840188114,0.12499999999990684,,,,,,5,13,0.38461538461538464,1.0,0.5555555555555556,applicable
ilinet,NFGA-LINEAR,linear,110,proxy_robust_z,52,8,1.3509658379998655,7.340636534536316e-05,3200,40,0.2161246492730241,0.46832553847193575,0.4304958324125096,0.1249999999998909,,,,,,11,6,1.0,0.5454545454545454,0.7058823529411765,applicable
electricity,NFGA-Core,core,11,forecast_original,42,8,0.7648578629996337,7.502490476933114e-05,1152,40,0.542270962341668,0.28119688154501987,0.3534474716861527,0.12499999999992673,0.13948605300969416,0.1014118071894553,11.043484196194504,0.6400022880339147,0.6400022880339147,0,2,,,,forecast_only
electricity,NFGA-Core,core,11,injected_5pct,42,8,0.7648578629996337,7.61005237672223e-05,1152,40,0.542270962341668,0.28119688154501987,0.3898517264319297,0.12499999999990827,,,,,,2,6,0.3333333333333333,1.0,0.5,applicable
electricity,NFGA-Core,core,11,injected_10pct,42,8,0.7648578629996337,6.525216661300095e-05,1152,40,0.542270962341668,0.28119688154501987,0.4811611435897601,0.12499999999982855,,,,,,4,14,0.2857142857142857,1.0,0.4444444444444444,applicable
electricity,NFGA-Core,core,11,proxy_robust_z,42,8,0.7648578629996337,5.802680951611754e-05,1152,40,0.542270962341668,0.28119688154501987,0.3534474716861527,0.12499999999992673,,,,,,0,2,,,,not_applicable_no_positive_reference
electricity,NFGA-Core,core,22,forecast_original,42,8,0.760685203000321,7.322907140405732e-05,1152,40,0.5464706411189281,0.28119688154501987,0.2577432069044364,0.12499999999992592,0.16986058207981888,0.12355687631713927,13.712611902842173,0.4661449124847219,0.4661449124847219,0,7,,,,forecast_only
electricity,NFGA-Core,core,22,injected_5pct,42,8,0.760685203000321,6.504747619016728e-05,1152,40,0.5464706411189281,0.28119688154501987,0.2843845719375427,0.124999999999917,,,,,,2,7,0.2857142857142857,1.0,0.4444444444444444,applicable
electricity,NFGA-Core,core,22,injected_10pct,42,8,0.760685203000321,6.384661901392974e-05,1152,40,0.5464706411189281,0.28119688154501987,0.306666434357016,0.12499999999978735,,,,,,4,14,0.2857142857142857,1.0,0.4444444444444444,applicable
electricity,NFGA-Core,core,22,proxy_robust_z,42,8,0.760685203000321,6.585788090281615e-05,1152,40,0.5464706411189281,0.28119688154501987,0.2577432069044364,0.12499999999992592,,,,,,0,7,,,,not_applicable_no_positive_reference
electricity,NFGA-Core,core,33,forecast_original,42,8,0.8043690159993275,8.863383330511472e-05,1152,40,0.5520498426507826,0.28119688154501987,0.40516046861072186,0.12499999999989923,0.15768082361213168,0.11771003520157847,12.8171831855805,0.5399596456913243,0.5399596456913243,0,3,,,,forecast_only
electricity,NFGA-Core,core,33,injected_5pct,42,8,0.8043690159993275,8.616654763283718e-05,1152,40,0.5520498426507826,0.28119688154501987,0.44421929721865877,0.12499999999985038,,,,,,2,6,0.3333333333333333,1.0,0.5,applicable
electricity,NFGA-Core,core,33,injected_10pct,42,8,0.8043690159993275,6.274721419599483e-05,1152,40,0.5520498426507826,0.28119688154501987,0.6344071292586543,0.1249999999992494,,,,,,4,18,0.2222222222222222,1.0,0.36363636363636365,applicable
electricity,NFGA-Core,core,33,proxy_robust_z,42,8,0.8043690159993275,7.075442867755468e-05,1152,40,0.5520498426507826,0.28119688154501987,0.40516046861072186,0.12499999999989923,,,,,,0,3,,,,not_applicable_no_positive_reference
electricity,NFGA-Core,core,44,forecast_original,42,8,0.7890189130002909,8.098423798704364e-05,1152,40,0.5188051341555617,0.28119688154501987,0.5036346761854711,0.12499999999990113,0.14184551044847155,0.10766450822606387,11.338220947717033,0.6277202969646087,0.6277202969646087,0,1,,,,forecast_only
electricity,NFGA-Core,core,44,injected_5pct,42,8,0.7890189130002909,7.344495240128406e-05,1152,40,0.5188051341555617,0.28119688154501987,0.609464552446006,0.1249999999998698,,,,,,2,7,0.2857142857142857,1.0,0.4444444444444444,applicable
electricity,NFGA-Core,core,44,injected_10pct,42,8,0.7890189130002909,0.00019237016660900692,1152,40,0.5188051341555617,0.28119688154501987,0.7891246125688836,0.12499999999967897,,,,,,4,21,0.19047619047619047,1.0,0.32,applicable
electricity,NFGA-Core,core,44,proxy_robust_z,42,8,0.7890189130002909,6.680335703398062e-05,1152,40,0.5188051341555617,0.28119688154501987,0.5036346761854711,0.12499999999990113,,,,,,0,1,,,,not_applicable_no_positive_reference
electricity,NFGA-Core,core,55,forecast_original,42,8,0.7706492850002178,6.981257149077247e-05,1152,40,0.5574222440367529,0.28119688154501987,0.37595332043838453,0.12499999999989907,0.1704494665956106,0.12368111052904927,13.418677822443886,0.4624368838606151,0.4624368838606151,0,6,,,,forecast_only
electricity,NFGA-Core,core,55,injected_5pct,42,8,0.7706492850002178,6.335111902444623e-05,1152,40,0.5574222440367529,0.28119688154501987,0.49148942718160304,0.12499999999978931,,,,,,2,8,0.25,1.0,0.4,applicable
electricity,NFGA-Core,core,55,injected_10pct,42,8,0.7706492850002178,6.544771423207185e-05,1152,40,0.5574222440367529,0.28119688154501987,0.4696949421459773,0.12499999999922894,,,,,,4,16,0.25,1.0,0.4,applicable
electricity,NFGA-Core,core,55,proxy_robust_z,42,8,0.7706492850002178,6.486011896066928e-05,1152,40,0.5574222440367529,0.28119688154501987,0.37595332043838453,0.12499999999989907,,,,,,0,6,,,,not_applicable_no_positive_reference
electricity,NFGA-Core,core,66,forecast_original,42,8,0.7560662599998977,7.720488113028252e-05,1152,40,0.5438680467789357,0.28119688154501987,0.3312822246024646,0.12499999999990569,0.15338573584310103,0.10721660569121423,11.884264449088088,0.5646805036070843,0.5646805036070843,0,4,,,,forecast_only
electricity,NFGA-Core,core,66,injected_5pct,42,8,0.7560662599998977,6.981942851780332e-05,1152,40,0.5438680467789357,0.28119688154501987,0.4297338483406985,0.1249999999998675,,,,,,2,7,0.2857142857142857,1.0,0.4444444444444444,applicable
electricity,NFGA-Core,core,66,injected_10pct,42,8,0.7560662599998977,7.431654770092185e-05,1152,40,0.5438680467789357,0.28119688154501987,0.5453117582759377,0.12499999999919728,,,,,,4,13,0.3076923076923077,1.0,0.47058823529411764,applicable
electricity,NFGA-Core,core,66,proxy_robust_z,42,8,0.7560662599998977,0.00023975869044079445,1152,40,0.5438680467789357,0.28119688154501987,0.3312822246024646,0.12499999999990569,,,,,,0,4,,,,not_applicable_no_positive_reference
electricity,NFGA-Core,core,77,forecast_original,42,8,0.756757201000255,7.605085717105318e-05,1152,40,0.5746487233788555,0.28119688154501987,0.49412135899544185,0.12499999999991507,0.14914324389369704,0.1091920745707684,12.165618620526704,0.5884284565357092,0.5884284565357092,0,3,,,,forecast_only
electricity,NFGA-Core,core,77,injected_5pct,42,8,0.756757201000255,6.621704759319462e-05,1152,40,0.5746487233788555,0.28119688154501987,0.5066185761601526,0.12499999999990415,,,,,,2,5,0.4,1.0,0.5714285714285714,applicable
electricity,NFGA-Core,core,77,injected_10pct,42,8,0.756757201000255,6.732859516151144e-05,1152,40,0.5746487233788555,0.28119688154501987,0.6919077244110221,0.12499999999981604,,,,,,4,18,0.2222222222222222,1.0,0.36363636363636365,applicable
electricity,NFGA-Core,core,77,proxy_robust_z,42,8,0.756757201000255,6.84442619612604e-05,1152,40,0.5746487233788555,0.28119688154501987,0.49412135899544185,0.12499999999991507,,,,,,0,3,,,,not_applicable_no_positive_reference
electricity,NFGA-Core,core,88,forecast_original,42,8,0.7816817109996919,7.538742857789094e-05,1152,40,0.5043611189223223,0.28119688154501987,0.5590500604190174,0.12499999999932991,0.15300174231231906,0.12021516516775381,12.732838218620927,0.5668573765910813,0.5668573765910813,0,5,,,,forecast_only
electricity,NFGA-Core,core,88,injected_5pct,42,8,0.7816817109996919,7.583047614562453e-05,1152,40,0.5043611189223223,0.28119688154501987,0.719866511779647,0.12499999999922164,,,,,,2,10,0.2,1.0,0.3333333333333333,applicable
electricity,NFGA-Core,core,88,injected_10pct,42,8,0.7816817109996919,6.20212380930579e-05,1152,40,0.5043611189223223,0.28119688154501987,0.7624303082967485,0.12499999998607689,,,,,,4,11,0.36363636363636365,1.0,0.5333333333333333,applicable
electricity,NFGA-Core,core,88,proxy_robust_z,42,8,0.7816817109996919,5.78962142840499e-05,1152,40,0.5043611189223223,0.28119688154501987,0.5590500604190174,0.12499999999932991,,,,,,0,5,,,,not_applicable_no_positive_reference
electricity,NFGA-Core,core,99,forecast_original,42,8,0.7848229119999814,7.148166676935424e-05,1152,40,0.5501100667696934,0.28119688154501987,0.2758204547314752,0.12499999999993798,0.16425655767033348,0.11546108940878937,12.644343989297479,0.5007896234953442,0.5007896234953442,0,6,,,,forecast_only
electricity,NFGA-Core,core,99,injected_5pct,42,8,0.7848229119999814,7.402319042306598e-05,1152,40,0.5501100667696934,0.28119688154501987,0.3348855212110355,0.12499999999989898,,,,,,2,7,0.2857142857142857,1.0,0.4444444444444444,applicable
electricity,NFGA-Core,core,99,injected_10pct,42,8,0.7848229119999814,6.842621420825405e-05,1152,40,0.5501100667696934,0.28119688154501987,0.3999267101297745,0.12499999999966038,,,,,,4,20,0.2,1.0,0.3333333333333333,applicable
electricity,NFGA-Core,core,99,proxy_robust_z,42,8,0.7848229119999814,6.482838101700985e-05,1152,40,0.5501100667696934,0.28119688154501987,0.2758204547314752,0.12499999999993798,,,,,,0,6,,,,not_applicable_no_positive_reference
electricity,NFGA-Core,core,110,forecast_original,42,8,0.7631507309997687,7.970904763559312e-05,1152,40,0.5891093596569932,0.28119688154501987,0.32727838278362686,0.12499999999993015,0.15398267838601157,0.11227021172004865,12.116040388126608,0.5612855805359036,0.5612855805359036,0,3,,,,forecast_only
electricity,NFGA-Core,core,110,injected_5pct,42,8,0.7631507309997687,6.026000004394085e-05,1152,40,0.5891093596569932,0.28119688154501987,0.3428336133263014,0.12499999999990166,,,,,,2,5,0.4,1.0,0.5714285714285714,applicable
electricity,NFGA-Core,core,110,injected_10pct,42,8,0.7631507309997687,5.9221547655310825e-05,1152,40,0.5891093596569932,0.28119688154501987,0.5348029508417748,0.1249999999997482,,,,,,4,18,0.2222222222222222,1.0,0.36363636363636365,applicable
electricity,NFGA-Core,core,110,proxy_robust_z,42,8,0.7631507309997687,7.00598809436044e-05,1152,40,0.5891093596569932,0.28119688154501987,0.32727838278362686,0.12499999999993015,,,,,,0,3,,,,not_applicable_no_positive_reference
electricity,NFGA-LINEAR,linear,11,forecast_original,42,8,1.1416471410002487,0.0001253282381141963,2176,40,0.5142916473073912,0.4279732915635018,0.22985678484853428,0.12499999999996189,0.14579333924643512,0.11105972542334397,11.953234861131321,0.6067094275371413,0.6067094275371413,0,0,,,,forecast_only
electricity,NFGA-LINEAR,linear,11,injected_5pct,42,8,1.1416471410002487,9.223002373238116e-05,2176,40,0.5142916473073912,0.4279732915635018,0.2423070582306488,0.1249999999999595,,,,,,2,4,0.5,1.0,0.6666666666666666,applicable
electricity,NFGA-LINEAR,linear,11,injected_10pct,42,8,1.1416471410002487,9.523430961572947e-05,2176,40,0.5142916473073912,0.4279732915635018,0.289711903251127,0.12499999999994096,,,,,,4,8,0.5,1.0,0.6666666666666666,applicable
electricity,NFGA-LINEAR,linear,11,proxy_robust_z,42,8,1.1416471410002487,9.678150005735613e-05,2176,40,0.5142916473073912,0.4279732915635018,0.22985678484853428,0.12499999999996189,,,,,,0,0,,,,not_applicable_no_positive_reference
electricity,NFGA-LINEAR,linear,22,forecast_original,42,6,1.1239860030000273,0.00012537402385316368,1632,40,0.5202438782854814,0.4279732915635018,0.377758649322008,0.1666666666665964,0.15151569732383774,0.12200053571770014,12.631504444411345,0.575230399835738,0.575230399835738,0,0,,,,forecast_only
electricity,NFGA-LINEAR,linear,22,injected_5pct,42,6,1.1239860030000273,9.963707134375e-05,1632,40,0.5202438782854814,0.4279732915635018,0.48233805090545107,0.16666666666657126,,,,,,2,5,0.4,1.0,0.5714285714285714,applicable
electricity,NFGA-LINEAR,linear,22,injected_10pct,42,6,1.1239860030000273,0.00010192021426562514,1632,40,0.5202438782854814,0.4279732915635018,0.593685358708513,0.16666666666653737,,,,,,4,9,0.4444444444444444,1.0,0.6153846153846154,applicable
electricity,NFGA-LINEAR,linear,22,proxy_robust_z,42,6,1.1239860030000273,9.500757143888179e-05,1632,40,0.5202438782854814,0.4279732915635018,0.377758649322008,0.1666666666665964,,,,,,0,0,,,,not_applicable_no_positive_reference
electricity,NFGA-LINEAR,linear,33,forecast_original,42,7,1.1505410059999122,0.0001281113331753572,1904,40,0.5174186604620072,0.4279732915635018,0.2193828562758646,0.142857142857106,0.14528851513542915,0.11237891254144479,12.023876359942918,0.6094283285216484,0.6094283285216484,0,0,,,,forecast_only
electricity,NFGA-LINEAR,linear,33,injected_5pct,42,7,1.1505410059999122,0.00013130076186349644,1904,40,0.5174186604620072,0.4279732915635018,0.2296180478841165,0.1428571428571015,,,,,,2,4,0.5,1.0,0.6666666666666666,applicable
electricity,NFGA-LINEAR,linear,33,injected_10pct,42,7,1.1505410059999122,0.00010979964290094184,1904,40,0.5174186604620072,0.4279732915635018,0.2609600380079129,0.14285714285708082,,,,,,4,9,0.4444444444444444,1.0,0.6153846153846154,applicable
electricity,NFGA-LINEAR,linear,33,proxy_robust_z,42,7,1.1505410059999122,0.00012543676201035158,1904,40,0.5174186604620072,0.4279732915635018,0.2193828562758646,0.142857142857106,,,,,,0,0,,,,not_applicable_no_positive_reference
electricity,NFGA-LINEAR,linear,44,forecast_original,42,8,1.1468362750001688,7.979009528536976e-05,2176,40,0.5280977712107511,0.4279732915635018,0.17409729966046023,0.12499999999997682,0.1441728283335275,0.10941843270466377,11.560263583141694,0.6154037843293199,0.6154037843293199,0,0,,,,forecast_only
electricity,NFGA-LINEAR,linear,44,injected_5pct,42,8,1.1468362750001688,6.837764286025223e-05,2176,40,0.5280977712107511,0.4279732915635018,0.1947505860640824,0.12499999999997302,,,,,,2,4,0.5,1.0,0.6666666666666666,applicable
electricity,NFGA-LINEAR,linear,44,injected_10pct,42,8,1.1468362750001688,6.918378563741932e-05,2176,40,0.5280977712107511,0.4279732915635018,0.22050606173587853,0.12499999999996725,,,,,,4,10,0.4,1.0,0.5714285714285714,applicable
electricity,NFGA-LINEAR,linear,44,proxy_robust_z,42,8,1.1468362750001688,6.758909527585881e-05,2176,40,0.5280977712107511,0.4279732915635018,0.17409729966046023,0.12499999999997682,,,,,,0,0,,,,not_applicable_no_positive_reference
electricity,NFGA-LINEAR,linear,55,forecast_original,42,8,0.8013330140001926,7.173659531915854e-05,2176,40,0.5265057082984901,0.4279732915635018,0.16658003460409276,0.12499999999997678,0.14731534383546244,0.11186869294228546,12.0463572120116,0.5984550787520739,0.5984550787520739,0,0,,,,forecast_only
electricity,NFGA-LINEAR,linear,55,injected_5pct,42,8,0.8013330140001926,7.518871427150553e-05,2176,40,0.5265057082984901,0.4279732915635018,0.17805936124262334,0.1249999999999736,,,,,,2,4,0.5,1.0,0.6666666666666666,applicable
electricity,NFGA-LINEAR,linear,55,injected_10pct,42,8,0.8013330140001926,7.837385716075438e-05,2176,40,0.5265057082984901,0.4279732915635018,0.23097997226929762,0.12499999999996052,,,,,,4,8,0.5,1.0,0.6666666666666666,applicable
electricity,NFGA-LINEAR,linear,55,proxy_robust_z,42,8,0.8013330140001926,6.777190483695623e-05,2176,40,0.5265057082984901,0.4279732915635018,0.16658003460409276,0.12499999999997678,,,,,,0,0,,,,not_applicable_no_positive_reference
electricity,NFGA-LINEAR,linear,66,forecast_original,42,6,0.8393065499994918,7.250845244146018e-05,1632,40,0.5298284814060493,0.4279732915635018,0.2148552968753133,0.16666666666661817,0.15230641273439824,0.11455019796634498,12.217168356670362,0.570785338598059,0.570785338598059,0,0,,,,forecast_only
electricity,NFGA-LINEAR,linear,66,injected_5pct,42,6,0.8393065499994918,8.371869047810574e-05,1632,40,0.5298284814060493,0.4279732915635018,0.23664003461963007,0.166666666666605,,,,,,2,4,0.5,1.0,0.6666666666666666,applicable
electricity,NFGA-LINEAR,linear,66,injected_10pct,42,6,0.8393065499994918,7.208245246407127e-05,1632,40,0.5298284814060493,0.4279732915635018,0.2527933931603335,0.16666666666658106,,,,,,4,8,0.5,1.0,0.6666666666666666,applicable
electricity,NFGA-LINEAR,linear,66,proxy_robust_z,42,6,0.8393065499994918,7.317407140102919e-05,1632,40,0.5298284814060493,0.4279732915635018,0.2148552968753133,0.16666666666661817,,,,,,0,0,,,,not_applicable_no_positive_reference
electricity,NFGA-LINEAR,linear,77,forecast_original,42,6,0.8195752540004833,8.061495245350497e-05,1632,40,0.5223100847721684,0.4279732915635018,0.27092560177393643,0.16666666666660696,0.14580407850618732,0.1121498343934623,12.080830500979998,0.6066514851757634,0.6066514851757634,0,0,,,,forecast_only
electricity,NFGA-LINEAR,linear,77,injected_5pct,42,6,0.8195752540004833,6.318092855075346e-05,1632,40,0.5223100847721684,0.4279732915635018,0.3081394965084465,0.16666666666659383,,,,,,2,4,0.5,1.0,0.6666666666666666,applicable
electricity,NFGA-LINEAR,linear,77,injected_10pct,42,6,0.8195752540004833,9.128533329636585e-05,1632,40,0.5223100847721684,0.4279732915635018,0.2997262778489769,0.16666666666655455,,,,,,4,9,0.4444444444444444,1.0,0.6153846153846154,applicable
electricity,NFGA-LINEAR,linear,77,proxy_robust_z,42,6,0.8195752540004833,7.495611910036089e-05,1632,40,0.5223100847721684,0.4279732915635018,0.27092560177393643,0.16666666666660696,,,,,,0,0,,,,not_applicable_no_positive_reference
electricity,NFGA-LINEAR,linear,88,forecast_original,42,7,0.7958329449993471,8.647952377248744e-05,1904,40,0.5157666271278388,0.4279732915635018,0.2641092138885136,0.14285714285709913,0.14513608107292283,0.1105269382264373,11.732333924214597,0.6102474599479821,0.6102474599479821,0,0,,,,forecast_only
electricity,NFGA-LINEAR,linear,88,injected_5pct,42,7,0.7958329449993471,6.647278578817523e-05,1904,40,0.5157666271278388,0.4279732915635018,0.2894533384253936,0.1428571428570909,,,,,,2,5,0.4,1.0,0.5714285714285714,applicable
electricity,NFGA-LINEAR,linear,88,injected_10pct,42,7,0.7958329449993471,6.746283333129776e-05,1904,40,0.5157666271278388,0.4279732915635018,0.3238991126394048,0.14285714285707923,,,,,,4,9,0.4444444444444444,1.0,0.6153846153846154,applicable
electricity,NFGA-LINEAR,linear,88,proxy_robust_z,42,7,0.7958329449993471,6.389414284058148e-05,1904,40,0.5157666271278388,0.4279732915635018,0.2641092138885136,0.14285714285709913,,,,,,0,0,,,,not_applicable_no_positive_reference
electricity,NFGA-LINEAR,linear,99,forecast_original,42,8,0.802240811000047,0.0002589884761402486,2176,40,0.5242544565308849,0.4279732915635018,0.20191224203174293,0.12499999999997333,0.1517889422514056,0.11557882786176739,12.2118387597714,0.5736969508518928,0.5736969508518928,0,0,,,,forecast_only
electricity,NFGA-LINEAR,linear,99,injected_5pct,42,8,0.802240811000047,7.065016663026264e-05,2176,40,0.5242544565308849,0.4279732915635018,0.225109425174228,0.12499999999996927,,,,,,2,4,0.5,1.0,0.6666666666666666,applicable
electricity,NFGA-LINEAR,linear,99,injected_10pct,42,8,0.802240811000047,7.82774761882181e-05,2176,40,0.5242544565308849,0.4279732915635018,0.25787488920206886,0.12499999999996415,,,,,,4,8,0.5,1.0,0.6666666666666666,applicable
electricity,NFGA-LINEAR,linear,99,proxy_robust_z,42,8,0.802240811000047,6.791364291659972e-05,2176,40,0.5242544565308849,0.4279732915635018,0.20191224203174293,0.12499999999997333,,,,,,0,0,,,,not_applicable_no_positive_reference
electricity,NFGA-LINEAR,linear,110,forecast_original,42,8,0.7790631590005432,7.463280954176472e-05,2176,40,0.5282178394019194,0.4279732915635018,0.16847523187822921,0.12499999999997706,0.14951164293457964,0.11440389712338,12.330371035933876,0.5863926978984659,0.5863926978984659,0,0,,,,forecast_only
electricity,NFGA-LINEAR,linear,110,injected_5pct,42,8,0.7790631590005432,6.910185716367865e-05,2176,40,0.5282178394019194,0.4279732915635018,0.17095053179288963,0.12499999999997582,,,,,,2,4,0.5,1.0,0.6666666666666666,applicable
electricity,NFGA-LINEAR,linear,110,injected_10pct,42,8,0.7790631590005432,6.299688108074839e-05,2176,40,0.5282178394019194,0.4279732915635018,0.18671342209688643,0.12499999999997025,,,,,,4,9,0.4444444444444444,1.0,0.6153846153846154,applicable
electricity,NFGA-LINEAR,linear,110,proxy_robust_z,42,8,0.7790631590005432,0.00011256569054499519,2176,40,0.5282178394019194,0.4279732915635018,0.16847523187822921,0.12499999999997706,,,,,,0,0,,,,not_applicable_no_positive_reference
