dataset,detector,detector_category,scenario,n_runs,n_reference_anomalies,n_detected_mean,n_detected_std,Precision_mean,Precision_std,Recall_mean,Recall_std,F1_mean,F1_std,Specificity_mean,FalsePositiveRate_mean,BalancedAccuracy_mean,training_time_mean_sec,inference_latency_mean_sec,model_size_mean_bytes,metric_status,F1_rank_within_dataset_scenario
cholera,NFGA-LINEAR residual detector,forecast_residual_detector,injected_10pct,10,8,7.8,0.9189365834726815,0.519047619047619,0.058823035384919765,0.5,0.0,0.5078431372549019,0.028935874014612648,,,,0.7975788800998999,7.423272144521537e-05,2120.0,applicable,1.0
cholera,Robust-Z,independent_point_detector,injected_10pct,1,8,2.0,,1.0,,0.25,,0.4,,1.0,0.0,0.625,0.0,1.5621190500713141e-06,16.0,applicable,2.0
cholera,IsolationForest,independent_window_detector,injected_10pct,10,8,52.8,13.579396157414363,0.12605575061521876,0.03144161944020035,0.7875,0.10290907529357059,0.21503422985172022,0.04383609811060207,0.38815789473684215,0.6118421052631579,0.5878289473684211,0.6280578937999962,0.0003487640559547972,3828105.4,applicable,3.0
cholera,LocalOutlierFactor,independent_window_detector,injected_10pct,1,8,84.0,,0.09523809523809523,,1.0,,0.17391304347826086,,0.0,1.0,0.5,0.037104326999724435,1.9168059528359056e-05,136035.0,applicable,4.0
cholera,OneClassSVM,independent_window_detector,injected_10pct,1,8,84.0,,0.09523809523809523,,1.0,,0.17391304347826086,,0.0,1.0,0.5,0.0027712869996321388,1.2233035715239349e-05,27790.0,applicable,4.0
cholera,Robust-Z,independent_point_detector,injected_5pct,1,4,2.0,,1.0,,0.5,,0.6666666666666666,,1.0,0.0,0.75,0.0,1.6634285743965024e-06,16.0,applicable,1.0
cholera,NFGA-LINEAR residual detector,forecast_residual_detector,injected_5pct,10,4,8.8,0.9189365834726815,0.45888888888888885,0.04627406873817919,1.0,0.0,0.6278388278388278,0.043962826772835494,,,,0.7975788800998999,8.093239167096056e-05,2120.0,applicable,2.0
cholera,IsolationForest,independent_window_detector,injected_5pct,10,4,68.7,5.143496432929214,0.05853763480598667,0.004670767986855266,1.0,0.0,0.11056798485201562,0.008301487239608768,0.19125,0.8087500000000001,0.595625,0.6280578937999962,0.000288604217858587,3828105.4,applicable,3.0
cholera,LocalOutlierFactor,independent_window_detector,injected_5pct,1,4,84.0,,0.047619047619047616,,1.0,,0.09090909090909091,,0.0,1.0,0.5,0.037104326999724435,2.020030952042448e-05,136035.0,applicable,4.0
cholera,OneClassSVM,independent_window_detector,injected_5pct,1,4,84.0,,0.047619047619047616,,1.0,,0.09090909090909091,,0.0,1.0,0.5,0.0027712869996321388,1.095519048379044e-05,27790.0,applicable,4.0
cholera,IsolationForest,independent_window_detector,proxy_robust_z,10,0,27.5,11.76860229593982,,,,,,,0.6726190476190477,0.3273809523809524,,0.6280578937999962,0.00026007755595206357,3828105.4,not_applicable_no_positive_reference,
cholera,LocalOutlierFactor,independent_window_detector,proxy_robust_z,1,0,75.0,,,,,,,,0.10714285714285714,0.8928571428571429,,0.037104326999724435,1.9856035719168997e-05,136035.0,not_applicable_no_positive_reference,
cholera,NFGA-LINEAR residual detector,forecast_residual_detector,proxy_robust_z,10,0,0.8,0.9189365834726815,,,,,,,,,,0.7975788800998999,7.221253094289468e-05,2120.0,not_applicable_no_positive_reference,
cholera,OneClassSVM,independent_window_detector,proxy_robust_z,1,0,49.0,,,,,,,,0.4166666666666667,0.5833333333333334,,0.0027712869996321388,1.1682630959815773e-05,27790.0,not_applicable_no_positive_reference,
cholera,Robust-Z,independent_point_detector,proxy_robust_z,1,0,0.0,,,,,,,,1.0,0.0,,0.0,1.448964288404871e-06,16.0,not_applicable_no_positive_reference,
electricity,NFGA-LINEAR residual detector,forecast_residual_detector,injected_10pct,10,4,8.7,0.6749485577105531,0.4622222222222222,0.035214412811865825,1.0,0.0,0.6315018315018315,0.033088907811388145,,,,0.9400362158000461,8.266167859411046e-05,1958.4,applicable,1.0
electricity,Robust-Z,independent_point_detector,injected_10pct,1,4,1.0,,1.0,,0.25,,0.4,,1.0,0.0,0.625,0.0,2.2734523857555664e-06,16.0,applicable,2.0
electricity,LocalOutlierFactor,independent_window_detector,injected_10pct,1,4,36.0,,0.1111111111111111,,1.0,,0.2,,0.15789473684210525,0.8421052631578947,0.5789473684210527,0.0015567179998470237,1.764802380507934e-05,37850.0,applicable,3.0
electricity,IsolationForest,independent_window_detector,injected_10pct,10,4,28.0,1.9999999999999996,0.10762336848974781,0.007501531920476751,0.75,0.0,0.1881448762637829,0.011496097392306424,0.34210526315789475,0.6578947368421053,0.5460526315789473,0.9425743241000418,0.0010443493666657776,2010300.4,applicable,4.0
electricity,OneClassSVM,independent_window_detector,injected_10pct,1,4,39.0,,0.10256410256410256,,1.0,,0.18604651162790697,,0.07894736842105263,0.9210526315789473,0.5394736842105263,0.0009145250005531125,8.722071427092443e-06,6854.0,applicable,5.0
electricity,NFGA-LINEAR residual detector,forecast_residual_detector,injected_5pct,10,2,4.2,0.4216370213557839,0.48,0.042163702135578386,1.0,0.0,0.6476190476190476,0.04015590679578895,,,,0.9400362158000461,8.198586426822647e-05,1958.4,applicable,1.0
electricity,LocalOutlierFactor,independent_window_detector,injected_5pct,1,2,23.0,,0.08695652173913043,,1.0,,0.16,,0.475,0.525,0.7375,0.0015567179998470237,1.7529928581574322e-05,37850.0,applicable,2.0
electricity,OneClassSVM,independent_window_detector,injected_5pct,1,2,31.0,,0.06451612903225806,,1.0,,0.12121212121212122,,0.275,0.725,0.6375,0.0009145250005531125,9.702119032659712e-06,6854.0,applicable,3.0
electricity,IsolationForest,independent_window_detector,injected_5pct,10,2,12.2,1.0327955589886446,0.0,0.0,0.0,0.0,0.0,0.0,0.6950000000000001,0.305,0.34750000000000003,0.9425743241000418,0.0010765180095209611,2010300.4,applicable,4.0
electricity,Robust-Z,independent_point_detector,injected_5pct,1,2,0.0,,0.0,,0.0,,0.0,,1.0,0.0,0.5,0.0,1.7537380959506014e-06,16.0,applicable,4.0
electricity,IsolationForest,independent_window_detector,proxy_robust_z,10,0,1.3,1.2516655570345725,,,,,,,0.9690476190476189,0.030952380952380953,,0.9425743241000418,0.0012889760976230761,2010300.4,not_applicable_no_positive_reference,
electricity,LocalOutlierFactor,independent_window_detector,proxy_robust_z,1,0,1.0,,,,,,,,0.9761904761904762,0.023809523809523808,,0.0015567179998470237,2.645352380914985e-05,37850.0,not_applicable_no_positive_reference,
electricity,NFGA-LINEAR residual detector,forecast_residual_detector,proxy_robust_z,10,0,0.0,0.0,,,,,,,,,,0.9400362158000461,8.450905004228242e-05,1958.4,not_applicable_no_positive_reference,
electricity,OneClassSVM,independent_window_detector,proxy_robust_z,1,0,20.0,,,,,,,,0.5238095238095238,0.47619047619047616,,0.0009145250005531125,8.381428566887431e-06,6854.0,not_applicable_no_positive_reference,
electricity,Robust-Z,independent_point_detector,proxy_robust_z,1,0,0.0,,,,,,,,1.0,0.0,,0.0,2.1941190468732246e-06,16.0,not_applicable_no_positive_reference,
ilinet,NFGA-LINEAR residual detector,forecast_residual_detector,injected_10pct,10,5,12.1,0.9944289260117533,0.4065767565767565,0.03376620366263995,0.9800000000000001,0.06324555320336758,0.5740368077055383,0.04005931690996656,,,,0.9178069213000526,9.510703848891253e-05,2880.0,applicable,1.0
ilinet,IsolationForest,independent_window_detector,injected_10pct,10,5,13.1,2.4244128727957572,0.07934274059274059,0.018512550589954005,0.2,0.0,0.11257526357371558,0.01744740182151148,0.7425531914893617,0.2574468085106383,0.4712765957446809,0.6570542786998885,0.0006911206000005712,2847671.5,applicable,2.0
ilinet,OneClassSVM,independent_window_detector,injected_10pct,1,5,28.0,,0.03571428571428571,,0.2,,0.06060606060606061,,0.425531914893617,0.574468085106383,0.3127659574468085,0.0025792239994189003,1.6352942321436087e-05,11250.0,applicable,3.0
ilinet,LocalOutlierFactor,independent_window_detector,injected_10pct,1,5,16.0,,0.0,,0.0,,0.0,,0.6595744680851063,0.3404255319148936,0.32978723404255317,0.004423375999976997,4.3741846166785064e-05,56026.0,applicable,4.0
ilinet,Robust-Z,independent_point_detector,injected_10pct,1,5,8.0,,0.0,,0.0,,0.0,,0.8297872340425532,0.1702127659574468,0.4148936170212766,0.0,2.523230775225854e-06,16.0,applicable,4.0
ilinet,NFGA-LINEAR residual detector,forecast_residual_detector,injected_5pct,10,3,13.7,0.674948557710553,0.21945054945054937,0.010667456598371825,1.0,0.0,0.3598039215686274,0.014375370880995282,,,,0.9178069213000526,0.00010465712305523925,2880.0,applicable,1.0
ilinet,LocalOutlierFactor,independent_window_detector,injected_5pct,1,3,27.0,,0.07407407407407407,,0.6666666666666666,,0.13333333333333333,,0.4897959183673469,0.5102040816326531,0.5782312925170068,0.004423375999976997,2.1627326934601744e-05,56026.0,applicable,2.0
ilinet,OneClassSVM,independent_window_detector,injected_5pct,1,3,33.0,,0.06060606060606061,,0.6666666666666666,,0.1111111111111111,,0.3673469387755102,0.6326530612244898,0.5170068027210885,0.0025792239994189003,1.3536019231161425e-05,11250.0,applicable,3.0
ilinet,IsolationForest,independent_window_detector,injected_5pct,10,3,16.2,1.6193277068654823,0.06231909430438842,0.006577294747731658,0.3333333333333333,0.0,0.10486805248415157,0.009251600524753744,0.689795918367347,0.31020408163265306,0.5115646258503401,0.6570542786998885,0.0005818823499951647,2847671.5,applicable,4.0
ilinet,Robust-Z,independent_point_detector,injected_5pct,1,3,11.0,,0.0,,0.0,,0.0,,0.7755102040816326,0.22448979591836735,0.3877551020408163,0.0,3.006826930756618e-06,16.0,applicable,5.0
ilinet,Robust-Z,independent_point_detector,proxy_robust_z,1,11,11.0,,1.0,,1.0,,1.0,,1.0,0.0,1.0,0.0,2.370999989300169e-06,16.0,applicable,1.0
ilinet,NFGA-LINEAR residual detector,forecast_residual_detector,proxy_robust_z,10,11,7.2,0.632455532033676,1.0,0.0,0.6545454545454545,0.05749595745760692,0.7898864809081527,0.04231734779998933,,,,0.9178069213000526,9.435741539545583e-05,2880.0,applicable,2.0
ilinet,OneClassSVM,independent_window_detector,proxy_robust_z,1,11,23.0,,0.17391304347826086,,0.36363636363636365,,0.23529411764705882,,0.5365853658536586,0.4634146341463415,0.4501108647450111,0.0025792239994189003,1.4562096164529346e-05,11250.0,applicable,3.0
ilinet,LocalOutlierFactor,independent_window_detector,proxy_robust_z,1,11,20.0,,0.15,,0.2727272727272727,,0.1935483870967742,,0.5853658536585366,0.4146341463414634,0.42904656319290463,0.004423375999976997,2.3794730763116742e-05,56026.0,applicable,4.0
ilinet,IsolationForest,independent_window_detector,proxy_robust_z,10,11,15.3,1.4944341180973264,0.06144607843137255,0.049118507258980364,0.09090909090909091,0.07422696190252054,0.0733007733007733,0.059078320688662596,0.651219512195122,0.348780487804878,0.37106430155210646,0.6570542786998885,0.0005731483499997782,2847671.5,applicable,5.0
