dataset,detector,detector_category,stochastic,seed,scenario,window_size,n_fit_windows,n_validation_windows,validation_target_fpr,score_threshold,training_time_sec,inference_latency_sec,model_size_bytes,TP,FP,TN,FN,n_reference_anomalies,n_detected,Precision,Recall,F1,Specificity,FalsePositiveRate,BalancedAccuracy,metric_status
cholera,IsolationForest,independent_window_detector,True,11,injected_5pct,52,226,56,0.05,-0.05032238729844096,0.9008668149999721,0.0004633725238168803,3728100,4,69,11,0,4,73,0.0547945205479452,1.0,0.1038961038961039,0.1375,0.8625,0.56875,applicable
cholera,IsolationForest,independent_window_detector,True,11,injected_10pct,52,226,56,0.05,-0.05032238729844096,0.9008668149999721,0.00096146583333783,3728100,7,49,27,1,8,56,0.125,0.875,0.21875,0.35526315789473684,0.6447368421052632,0.6151315789473684,applicable
cholera,IsolationForest,independent_window_detector,True,11,proxy_robust_z,52,226,56,0.05,-0.05032238729844096,0.9008668149999721,0.00021602757142534843,3728100,0,28,56,0,0,28,,,,0.6666666666666666,0.3333333333333333,,not_applicable_no_positive_reference
cholera,IsolationForest,independent_window_detector,True,22,injected_5pct,52,226,56,0.05,-0.03802851236156296,0.5731548750000002,0.00023628019047940878,3888648,4,64,16,0,4,68,0.058823529411764705,1.0,0.1111111111111111,0.2,0.8,0.6,applicable
cholera,IsolationForest,independent_window_detector,True,22,injected_10pct,52,226,56,0.05,-0.03802851236156296,0.5731548750000002,0.00030414752380974753,3888648,6,53,23,2,8,59,0.1016949152542373,0.75,0.1791044776119403,0.3026315789473684,0.6973684210526315,0.5263157894736842,applicable
cholera,IsolationForest,independent_window_detector,True,22,proxy_robust_z,52,226,56,0.05,-0.03802851236156296,0.5731548750000002,0.00021054158332844963,3888648,0,39,45,0,0,39,,,,0.5357142857142857,0.4642857142857143,,not_applicable_no_positive_reference
cholera,IsolationForest,independent_window_detector,True,33,injected_5pct,52,226,56,0.05,-0.05631230861936426,0.5395388660008393,0.00020584982143017917,3836710,4,72,8,0,4,76,0.05263157894736842,1.0,0.1,0.1,0.9,0.55,applicable
cholera,IsolationForest,independent_window_detector,True,33,injected_10pct,52,226,56,0.05,-0.05631230861936426,0.5395388660008393,0.0003514387261973406,3836710,6,63,13,2,8,69,0.08695652173913043,0.75,0.15584415584415584,0.17105263157894737,0.8289473684210527,0.4605263157894737,applicable
cholera,IsolationForest,independent_window_detector,True,33,proxy_robust_z,52,226,56,0.05,-0.05631230861936426,0.5395388660008393,0.0002935519404824542,3836710,0,33,51,0,0,33,,,,0.6071428571428571,0.39285714285714285,,not_applicable_no_positive_reference
cholera,IsolationForest,independent_window_detector,True,44,injected_5pct,52,226,56,0.05,-0.04149613551322978,0.544426385999941,0.00020994603571688501,3862943,4,67,13,0,4,71,0.056338028169014086,1.0,0.10666666666666667,0.1625,0.8375,0.58125,applicable
cholera,IsolationForest,independent_window_detector,True,44,injected_10pct,52,226,56,0.05,-0.04149613551322978,0.544426385999941,0.00021079735714530607,3862943,6,55,21,2,8,61,0.09836065573770492,0.75,0.17391304347826086,0.27631578947368424,0.7236842105263158,0.5131578947368421,applicable
cholera,IsolationForest,independent_window_detector,True,44,proxy_robust_z,52,226,56,0.05,-0.04149613551322978,0.544426385999941,0.00020387007143220952,3862943,0,39,45,0,0,39,,,,0.5357142857142857,0.4642857142857143,,not_applicable_no_positive_reference
cholera,IsolationForest,independent_window_detector,True,55,injected_5pct,52,226,56,0.05,-0.04609913543818617,0.5568375519997062,0.00020745260713911628,3853254,4,62,18,0,4,66,0.06060606060606061,1.0,0.11428571428571428,0.225,0.775,0.6125,applicable
cholera,IsolationForest,independent_window_detector,True,55,injected_10pct,52,226,56,0.05,-0.04609913543818617,0.5568375519997062,0.0002237255238079732,3853254,6,27,49,2,8,33,0.18181818181818182,0.75,0.2926829268292683,0.6447368421052632,0.35526315789473684,0.6973684210526316,applicable
cholera,IsolationForest,independent_window_detector,True,55,proxy_robust_z,52,226,56,0.05,-0.04609913543818617,0.5568375519997062,0.0002149395833319951,3853254,0,8,76,0,0,8,,,,0.9047619047619048,0.09523809523809523,,not_applicable_no_positive_reference
cholera,IsolationForest,independent_window_detector,True,66,injected_5pct,52,226,56,0.05,-0.05187255075297542,0.5446001919999617,0.0003466713571383263,3756269,4,64,16,0,4,68,0.058823529411764705,1.0,0.1111111111111111,0.2,0.8,0.6,applicable
cholera,IsolationForest,independent_window_detector,True,66,injected_10pct,52,226,56,0.05,-0.05187255075297542,0.5446001919999617,0.0002083177500069377,3756269,5,24,52,3,8,29,0.1724137931034483,0.625,0.2702702702702703,0.6842105263157895,0.3157894736842105,0.6546052631578947,applicable
cholera,IsolationForest,independent_window_detector,True,66,proxy_robust_z,52,226,56,0.05,-0.05187255075297542,0.5446001919999617,0.00020723679762384216,3756269,0,6,78,0,0,6,,,,0.9285714285714286,0.07142857142857142,,not_applicable_no_positive_reference
cholera,IsolationForest,independent_window_detector,True,77,injected_5pct,52,226,56,0.05,-0.03887280315556679,0.537779209999826,0.00020065054762935254,3836886,4,54,26,0,4,58,0.06896551724137931,1.0,0.12903225806451613,0.325,0.675,0.6625,applicable
cholera,IsolationForest,independent_window_detector,True,77,injected_10pct,52,226,56,0.05,-0.03887280315556679,0.537779209999826,0.0002003056428553204,3836886,6,37,39,2,8,43,0.13953488372093023,0.75,0.23529411764705882,0.5131578947368421,0.4868421052631579,0.631578947368421,applicable
cholera,IsolationForest,independent_window_detector,True,77,proxy_robust_z,52,226,56,0.05,-0.03887280315556679,0.537779209999826,0.0002008579166656654,3836886,0,25,59,0,0,25,,,,0.7023809523809523,0.2976190476190476,,not_applicable_no_positive_reference
cholera,IsolationForest,independent_window_detector,True,88,injected_5pct,52,226,56,0.05,-0.030057292650188583,0.5801016049999816,0.0003214093214323622,3790070,4,60,20,0,4,64,0.0625,1.0,0.11764705882352941,0.25,0.75,0.625,applicable
cholera,IsolationForest,independent_window_detector,True,88,injected_10pct,52,226,56,0.05,-0.030057292650188583,0.5801016049999816,0.00034818101191073464,3790070,6,46,30,2,8,52,0.11538461538461539,0.75,0.2,0.39473684210526316,0.6052631578947368,0.5723684210526316,applicable
cholera,IsolationForest,independent_window_detector,True,88,proxy_robust_z,52,226,56,0.05,-0.030057292650188583,0.5801016049999816,0.0003538612380950889,3790070,0,33,51,0,0,33,,,,0.6071428571428571,0.39285714285714285,,not_applicable_no_positive_reference
cholera,IsolationForest,independent_window_detector,True,99,injected_5pct,52,226,56,0.05,-0.05401470775205092,0.7413775790000727,0.0003577354880885001,3846918,4,67,13,0,4,71,0.056338028169014086,1.0,0.10666666666666667,0.1625,0.8375,0.58125,applicable
cholera,IsolationForest,independent_window_detector,True,99,injected_10pct,52,226,56,0.05,-0.05401470775205092,0.7413775790000727,0.00033867651190381106,3846918,7,59,17,1,8,66,0.10606060606060606,0.875,0.1891891891891892,0.2236842105263158,0.7763157894736842,0.5493421052631579,applicable
cholera,IsolationForest,independent_window_detector,True,99,proxy_robust_z,52,226,56,0.05,-0.05401470775205092,0.7413775790000727,0.0003661027380877342,3846918,0,36,48,0,0,36,,,,0.5714285714285714,0.42857142857142855,,not_applicable_no_positive_reference
cholera,IsolationForest,independent_window_detector,True,110,injected_5pct,52,226,56,0.05,-0.05013677448712389,0.7618958579996615,0.00033667428571485897,3881256,4,68,12,0,4,72,0.05555555555555555,1.0,0.10526315789473684,0.15,0.85,0.575,applicable
cholera,IsolationForest,independent_window_detector,True,110,injected_10pct,52,226,56,0.05,-0.05013677448712389,0.7618958579996615,0.0003405846785729712,3881256,8,52,24,0,8,60,0.13333333333333333,1.0,0.23529411764705882,0.3157894736842105,0.6842105263157895,0.6578947368421053,applicable
cholera,IsolationForest,independent_window_detector,True,110,proxy_robust_z,52,226,56,0.05,-0.05013677448712389,0.7618958579996615,0.0003337861190478482,3881256,0,28,56,0,0,28,,,,0.6666666666666666,0.3333333333333333,,not_applicable_no_positive_reference
cholera,OneClassSVM,independent_window_detector,False,0,injected_5pct,52,226,56,0.05,0.052637231767491244,0.0027712869996321388,1.095519048379044e-05,27790,4,80,0,0,4,84,0.047619047619047616,1.0,0.09090909090909091,0.0,1.0,0.5,applicable
cholera,OneClassSVM,independent_window_detector,False,0,injected_10pct,52,226,56,0.05,0.052637231767491244,0.0027712869996321388,1.2233035715239349e-05,27790,8,76,0,0,8,84,0.09523809523809523,1.0,0.17391304347826086,0.0,1.0,0.5,applicable
cholera,OneClassSVM,independent_window_detector,False,0,proxy_robust_z,52,226,56,0.05,0.052637231767491244,0.0027712869996321388,1.1682630959815773e-05,27790,0,49,35,0,0,49,,,,0.4166666666666667,0.5833333333333334,,not_applicable_no_positive_reference
cholera,LocalOutlierFactor,independent_window_detector,False,0,injected_5pct,52,226,56,0.05,0.122861572653445,0.037104326999724435,2.020030952042448e-05,136035,4,80,0,0,4,84,0.047619047619047616,1.0,0.09090909090909091,0.0,1.0,0.5,applicable
cholera,LocalOutlierFactor,independent_window_detector,False,0,injected_10pct,52,226,56,0.05,0.122861572653445,0.037104326999724435,1.9168059528359056e-05,136035,8,76,0,0,8,84,0.09523809523809523,1.0,0.17391304347826086,0.0,1.0,0.5,applicable
cholera,LocalOutlierFactor,independent_window_detector,False,0,proxy_robust_z,52,226,56,0.05,0.122861572653445,0.037104326999724435,1.9856035719168997e-05,136035,0,75,9,0,0,75,,,,0.10714285714285714,0.8928571428571429,,not_applicable_no_positive_reference
cholera,Robust-Z,independent_point_detector,False,0,injected_5pct,1,333,0,,3.5,0.0,1.6634285743965024e-06,16,2,0,80,2,4,2,1.0,0.5,0.6666666666666666,1.0,0.0,0.75,applicable
cholera,Robust-Z,independent_point_detector,False,0,injected_10pct,1,333,0,,3.5,0.0,1.5621190500713141e-06,16,2,0,76,6,8,2,1.0,0.25,0.4,1.0,0.0,0.625,applicable
cholera,Robust-Z,independent_point_detector,False,0,proxy_robust_z,1,333,0,,3.5,0.0,1.448964288404871e-06,16,0,0,84,0,0,0,,,,1.0,0.0,,not_applicable_no_positive_reference
ilinet,IsolationForest,independent_window_detector,True,11,injected_5pct,24,148,37,0.05,0.11570925529552989,0.7492659869994895,0.0005340361730689508,2801935,1,13,36,2,3,14,0.07142857142857142,0.3333333333333333,0.11764705882352941,0.7346938775510204,0.2653061224489796,0.5340136054421769,applicable
ilinet,IsolationForest,independent_window_detector,True,11,injected_10pct,24,148,37,0.05,0.11570925529552989,0.7492659869994895,0.0007409873846182353,2801935,1,11,36,4,5,12,0.08333333333333333,0.2,0.11764705882352941,0.7659574468085106,0.23404255319148937,0.4829787234042553,applicable
ilinet,IsolationForest,independent_window_detector,True,11,proxy_robust_z,24,148,37,0.05,0.11570925529552989,0.7492659869994895,0.0008111931730616981,2801935,0,13,28,11,11,13,0.0,0.0,0.0,0.6829268292682927,0.3170731707317073,0.34146341463414637,applicable
ilinet,IsolationForest,independent_window_detector,True,22,injected_5pct,24,148,37,0.05,0.12293160237716994,0.7788799520003522,0.0006855790961533505,2894353,1,13,36,2,3,14,0.07142857142857142,0.3333333333333333,0.11764705882352941,0.7346938775510204,0.2653061224489796,0.5340136054421769,applicable
ilinet,IsolationForest,independent_window_detector,True,22,injected_10pct,24,148,37,0.05,0.12293160237716994,0.7788799520003522,0.0006744702692370852,2894353,1,7,40,4,5,8,0.125,0.2,0.15384615384615385,0.851063829787234,0.14893617021276595,0.5255319148936171,applicable
ilinet,IsolationForest,independent_window_detector,True,22,proxy_robust_z,24,148,37,0.05,0.12293160237716994,0.7788799520003522,0.0003736493846155589,2894353,0,13,28,11,11,13,0.0,0.0,0.0,0.6829268292682927,0.3170731707317073,0.34146341463414637,applicable
ilinet,IsolationForest,independent_window_detector,True,33,injected_5pct,24,148,37,0.05,0.11339578137857975,0.5467838539998411,0.0003593731923081997,2822712,1,13,36,2,3,14,0.07142857142857142,0.3333333333333333,0.11764705882352941,0.7346938775510204,0.2653061224489796,0.5340136054421769,applicable
ilinet,IsolationForest,independent_window_detector,True,33,injected_10pct,24,148,37,0.05,0.11339578137857975,0.5467838539998411,0.00037786053847482364,2822712,1,10,37,4,5,11,0.09090909090909091,0.2,0.125,0.7872340425531915,0.2127659574468085,0.4936170212765958,applicable
ilinet,IsolationForest,independent_window_detector,True,33,proxy_robust_z,24,148,37,0.05,0.11339578137857975,0.5467838539998411,0.0003414502307700437,2822712,0,14,27,11,11,14,0.0,0.0,0.0,0.6585365853658537,0.34146341463414637,0.32926829268292684,applicable
ilinet,IsolationForest,independent_window_detector,True,44,injected_5pct,24,148,37,0.05,0.10839048848428756,0.5489552219996767,0.00036780423077358975,2920049,1,16,33,2,3,17,0.058823529411764705,0.3333333333333333,0.1,0.673469387755102,0.32653061224489793,0.5034013605442177,applicable
ilinet,IsolationForest,independent_window_detector,True,44,injected_10pct,24,148,37,0.05,0.10839048848428756,0.5489552219996767,0.0004226842307581627,2920049,1,14,33,4,5,15,0.06666666666666667,0.2,0.1,0.7021276595744681,0.2978723404255319,0.451063829787234,applicable
ilinet,IsolationForest,independent_window_detector,True,44,proxy_robust_z,24,148,37,0.05,0.10839048848428756,0.5489552219996767,0.00037616507692151714,2920049,2,14,27,9,11,16,0.125,0.18181818181818182,0.14814814814814814,0.6585365853658537,0.34146341463414637,0.42017738359201773,applicable
ilinet,IsolationForest,independent_window_detector,True,55,injected_5pct,24,148,37,0.05,0.10982553713631793,0.5767985279999266,0.00036068015384234267,2824472,1,15,34,2,3,16,0.0625,0.3333333333333333,0.10526315789473684,0.6938775510204082,0.30612244897959184,0.5136054421768708,applicable
ilinet,IsolationForest,independent_window_detector,True,55,injected_10pct,24,148,37,0.05,0.10982553713631793,0.5767985279999266,0.0004207768076867069,2824472,1,13,34,4,5,14,0.07142857142857142,0.2,0.10526315789473684,0.723404255319149,0.2765957446808511,0.4617021276595745,applicable
ilinet,IsolationForest,independent_window_detector,True,55,proxy_robust_z,24,148,37,0.05,0.10982553713631793,0.5767985279999266,0.00035946599999848474,2824472,1,14,27,10,11,15,0.06666666666666667,0.09090909090909091,0.07692307692307693,0.6585365853658537,0.34146341463414637,0.3747228381374723,applicable
ilinet,IsolationForest,independent_window_detector,True,66,injected_5pct,24,148,37,0.05,0.10193209685358018,0.5677307879996079,0.0003508800384504586,2822008,1,16,33,2,3,17,0.058823529411764705,0.3333333333333333,0.1,0.673469387755102,0.32653061224489793,0.5034013605442177,applicable
ilinet,IsolationForest,independent_window_detector,True,66,injected_10pct,24,148,37,0.05,0.10193209685358018,0.5677307879996079,0.0003560947692186836,2822008,1,14,33,4,5,15,0.06666666666666667,0.2,0.1,0.7021276595744681,0.2978723404255319,0.451063829787234,applicable
ilinet,IsolationForest,independent_window_detector,True,66,proxy_robust_z,24,148,37,0.05,0.10193209685358018,0.5677307879996079,0.0003463000769338228,2822008,2,15,26,9,11,17,0.11764705882352941,0.18181818181818182,0.14285714285714285,0.6341463414634146,0.36585365853658536,0.4079822616407982,applicable
ilinet,IsolationForest,independent_window_detector,True,77,injected_5pct,24,148,37,0.05,0.10001295634981666,0.5612593220002964,0.0003968061153745321,2883793,1,17,32,2,3,18,0.05555555555555555,0.3333333333333333,0.09523809523809523,0.6530612244897959,0.3469387755102041,0.4931972789115646,applicable
ilinet,IsolationForest,independent_window_detector,True,77,injected_10pct,24,148,37,0.05,0.10001295634981666,0.5612593220002964,0.0003718260384700373,2883793,1,15,32,4,5,16,0.0625,0.2,0.09523809523809523,0.6808510638297872,0.3191489361702128,0.44042553191489364,applicable
ilinet,IsolationForest,independent_window_detector,True,77,proxy_robust_z,24,148,37,0.05,0.10001295634981666,0.5612593220002964,0.00037192667307933263,2883793,2,15,26,9,11,17,0.11764705882352941,0.18181818181818182,0.14285714285714285,0.6341463414634146,0.36585365853658536,0.4079822616407982,applicable
ilinet,IsolationForest,independent_window_detector,True,88,injected_5pct,24,148,37,0.05,0.10630252959529418,0.6549863540003571,0.0009380673269123901,2751599,1,16,33,2,3,17,0.058823529411764705,0.3333333333333333,0.1,0.673469387755102,0.32653061224489793,0.5034013605442177,applicable
ilinet,IsolationForest,independent_window_detector,True,88,injected_10pct,24,148,37,0.05,0.10630252959529418,0.6549863540003571,0.0009888299615480579,2751599,1,14,33,4,5,15,0.06666666666666667,0.2,0.1,0.7021276595744681,0.2978723404255319,0.451063829787234,applicable
ilinet,IsolationForest,independent_window_detector,True,88,proxy_robust_z,24,148,37,0.05,0.10630252959529418,0.6549863540003571,0.000763441846157338,2751599,1,15,26,10,11,16,0.0625,0.09090909090909091,0.07407407407407407,0.6341463414634146,0.36585365853658536,0.3625277161862528,applicable
ilinet,IsolationForest,independent_window_detector,True,99,injected_5pct,24,148,37,0.05,0.11731278471323558,0.8022727899997335,0.0010469514807727347,2864609,1,16,33,2,3,17,0.058823529411764705,0.3333333333333333,0.1,0.673469387755102,0.32653061224489793,0.5034013605442177,applicable
ilinet,IsolationForest,independent_window_detector,True,99,injected_10pct,24,148,37,0.05,0.11731278471323558,0.8022727899997335,0.0010947766346152304,2864609,1,11,36,4,5,12,0.08333333333333333,0.2,0.11764705882352941,0.7659574468085106,0.23404255319148937,0.4829787234042553,applicable
ilinet,IsolationForest,independent_window_detector,True,99,proxy_robust_z,24,148,37,0.05,0.11731278471323558,0.8022727899997335,0.0011924149230778242,2864609,1,15,26,10,11,16,0.0625,0.09090909090909091,0.07407407407407407,0.6341463414634146,0.36585365853658536,0.3625277161862528,applicable
ilinet,IsolationForest,independent_window_detector,True,110,injected_5pct,24,148,37,0.05,0.10754475441161859,0.7836099899996043,0.0007786456922950982,2891185,1,17,32,2,3,18,0.05555555555555555,0.3333333333333333,0.09523809523809523,0.6530612244897959,0.3469387755102041,0.4931972789115646,applicable
ilinet,IsolationForest,independent_window_detector,True,110,injected_10pct,24,148,37,0.05,0.10754475441161859,0.7836099899996043,0.0014628993653786893,2891185,1,12,35,4,5,13,0.07692307692307693,0.2,0.1111111111111111,0.7446808510638298,0.2553191489361702,0.4723404255319149,applicable
ilinet,IsolationForest,independent_window_detector,True,110,proxy_robust_z,24,148,37,0.05,0.10754475441161859,0.7836099899996043,0.0007954761153821612,2891185,1,15,26,10,11,16,0.0625,0.09090909090909091,0.07407407407407407,0.6341463414634146,0.36585365853658536,0.3625277161862528,applicable
ilinet,OneClassSVM,independent_window_detector,False,0,injected_5pct,24,148,37,0.05,0.12201926201244184,0.0025792239994189003,1.3536019231161425e-05,11250,2,31,18,1,3,33,0.06060606060606061,0.6666666666666666,0.1111111111111111,0.3673469387755102,0.6326530612244898,0.5170068027210885,applicable
ilinet,OneClassSVM,independent_window_detector,False,0,injected_10pct,24,148,37,0.05,0.12201926201244184,0.0025792239994189003,1.6352942321436087e-05,11250,1,27,20,4,5,28,0.03571428571428571,0.2,0.06060606060606061,0.425531914893617,0.574468085106383,0.3127659574468085,applicable
ilinet,OneClassSVM,independent_window_detector,False,0,proxy_robust_z,24,148,37,0.05,0.12201926201244184,0.0025792239994189003,1.4562096164529346e-05,11250,4,19,22,7,11,23,0.17391304347826086,0.36363636363636365,0.23529411764705882,0.5365853658536586,0.4634146341463415,0.4501108647450111,applicable
ilinet,LocalOutlierFactor,independent_window_detector,False,0,injected_5pct,24,148,37,0.05,0.09250360366910648,0.004423375999976997,2.1627326934601744e-05,56026,2,25,24,1,3,27,0.07407407407407407,0.6666666666666666,0.13333333333333333,0.4897959183673469,0.5102040816326531,0.5782312925170068,applicable
ilinet,LocalOutlierFactor,independent_window_detector,False,0,injected_10pct,24,148,37,0.05,0.09250360366910648,0.004423375999976997,4.3741846166785064e-05,56026,0,16,31,5,5,16,0.0,0.0,0.0,0.6595744680851063,0.3404255319148936,0.32978723404255317,applicable
ilinet,LocalOutlierFactor,independent_window_detector,False,0,proxy_robust_z,24,148,37,0.05,0.09250360366910648,0.004423375999976997,2.3794730763116742e-05,56026,3,17,24,8,11,20,0.15,0.2727272727272727,0.1935483870967742,0.5853658536585366,0.4146341463414634,0.42904656319290463,applicable
ilinet,Robust-Z,independent_point_detector,False,0,injected_5pct,1,208,0,,3.5,0.0,3.006826930756618e-06,16,0,11,38,3,3,11,0.0,0.0,0.0,0.7755102040816326,0.22448979591836735,0.3877551020408163,applicable
ilinet,Robust-Z,independent_point_detector,False,0,injected_10pct,1,208,0,,3.5,0.0,2.523230775225854e-06,16,0,8,39,5,5,8,0.0,0.0,0.0,0.8297872340425532,0.1702127659574468,0.4148936170212766,applicable
ilinet,Robust-Z,independent_point_detector,False,0,proxy_robust_z,1,208,0,,3.5,0.0,2.370999989300169e-06,16,11,0,41,0,11,11,1.0,1.0,1.0,1.0,0.0,1.0,applicable
electricity,IsolationForest,independent_window_detector,True,11,injected_5pct,16,120,30,0.05,-0.031697472062060306,0.8629844510005569,0.0010408719523790448,1967916,0,11,29,2,2,11,0.0,0.0,0.0,0.725,0.275,0.3625,applicable
electricity,IsolationForest,independent_window_detector,True,11,injected_10pct,16,120,30,0.05,-0.031697472062060306,0.8629844510005569,0.0011693609999816718,1967916,3,25,13,1,4,28,0.10714285714285714,0.75,0.1875,0.34210526315789475,0.6578947368421053,0.5460526315789473,applicable
electricity,IsolationForest,independent_window_detector,True,11,proxy_robust_z,16,120,30,0.05,-0.031697472062060306,0.8629844510005569,0.0015969142619247751,1967916,0,0,42,0,0,0,,,,1.0,0.0,,not_applicable_no_positive_reference
electricity,IsolationForest,independent_window_detector,True,22,injected_5pct,16,120,30,0.05,-0.02943076596316896,0.7747169739996025,0.0008062143571502626,2048533,0,12,28,2,2,12,0.0,0.0,0.0,0.7,0.3,0.35,applicable
electricity,IsolationForest,independent_window_detector,True,22,injected_10pct,16,120,30,0.05,-0.02943076596316896,0.7747169739996025,0.0008569279761797502,2048533,3,24,14,1,4,27,0.1111111111111111,0.75,0.1935483870967742,0.3684210526315789,0.631578947368421,0.5592105263157895,applicable
electricity,IsolationForest,independent_window_detector,True,22,proxy_robust_z,16,120,30,0.05,-0.02943076596316896,0.7747169739996025,0.000793075476178187,2048533,0,4,38,0,0,4,,,,0.9047619047619048,0.09523809523809523,,not_applicable_no_positive_reference
electricity,IsolationForest,independent_window_detector,True,33,injected_5pct,16,120,30,0.05,-0.025538474716277904,0.9414710920000289,0.0019534874285714716,2043781,0,11,29,2,2,11,0.0,0.0,0.0,0.725,0.275,0.3625,applicable
electricity,IsolationForest,independent_window_detector,True,33,injected_10pct,16,120,30,0.05,-0.025538474716277904,0.9414710920000289,0.0014938364999926264,2043781,3,25,13,1,4,28,0.10714285714285714,0.75,0.1875,0.34210526315789475,0.6578947368421053,0.5460526315789473,applicable
electricity,IsolationForest,independent_window_detector,True,33,proxy_robust_z,16,120,30,0.05,-0.025538474716277904,0.9414710920000289,0.0018777822857113538,2043781,0,0,42,0,0,0,,,,1.0,0.0,,not_applicable_no_positive_reference
electricity,IsolationForest,independent_window_detector,True,44,injected_5pct,16,120,30,0.05,-0.03338443832280569,1.30826720999994,0.0017188631428498844,1984284,0,13,27,2,2,13,0.0,0.0,0.0,0.675,0.325,0.3375,applicable
electricity,IsolationForest,independent_window_detector,True,44,injected_10pct,16,120,30,0.05,-0.03338443832280569,1.30826720999994,0.001445189595242049,1984284,3,27,11,1,4,30,0.1,0.75,0.17647058823529413,0.2894736842105263,0.7105263157894737,0.5197368421052632,applicable
electricity,IsolationForest,independent_window_detector,True,44,proxy_robust_z,16,120,30,0.05,-0.03338443832280569,1.30826720999994,0.0017962202380961874,1984284,0,1,41,0,0,1,,,,0.9761904761904762,0.023809523809523808,,not_applicable_no_positive_reference
electricity,IsolationForest,independent_window_detector,True,55,injected_5pct,16,120,30,0.05,-0.03545845429587774,1.1827021620001688,0.0015623361190418585,2017900,0,14,26,2,2,14,0.0,0.0,0.0,0.65,0.35,0.325,applicable
electricity,IsolationForest,independent_window_detector,True,55,injected_10pct,16,120,30,0.05,-0.03545845429587774,1.1827021620001688,0.0012996532619105156,2017900,3,29,9,1,4,32,0.09375,0.75,0.16666666666666666,0.23684210526315788,0.7631578947368421,0.4934210526315789,applicable
electricity,IsolationForest,independent_window_detector,True,55,proxy_robust_z,16,120,30,0.05,-0.03545845429587774,1.1827021620001688,0.0015221356666621606,2017900,0,2,40,0,0,2,,,,0.9523809523809523,0.047619047619047616,,not_applicable_no_positive_reference
electricity,IsolationForest,independent_window_detector,True,66,injected_5pct,16,120,30,0.05,-0.03695551658875107,1.181568306000372,0.0019384375952237558,2001884,0,13,27,2,2,13,0.0,0.0,0.0,0.675,0.325,0.3375,applicable
electricity,IsolationForest,independent_window_detector,True,66,injected_10pct,16,120,30,0.05,-0.03695551658875107,1.181568306000372,0.002370918190492722,2001884,3,26,12,1,4,29,0.10344827586206896,0.75,0.18181818181818182,0.3157894736842105,0.6842105263157895,0.5328947368421053,applicable
electricity,IsolationForest,independent_window_detector,True,66,proxy_robust_z,16,120,30,0.05,-0.03695551658875107,1.181568306000372,0.0033041924047687472,2001884,0,2,40,0,0,2,,,,0.9523809523809523,0.047619047619047616,,not_applicable_no_positive_reference
electricity,IsolationForest,independent_window_detector,True,77,injected_5pct,16,120,30,0.05,-0.02952366857474259,1.5265443890002643,0.00044717738096334783,1989036,0,11,29,2,2,11,0.0,0.0,0.0,0.725,0.275,0.3625,applicable
electricity,IsolationForest,independent_window_detector,True,77,injected_10pct,16,120,30,0.05,-0.02952366857474259,1.5265443890002643,0.0004530467142883156,1989036,3,25,13,1,4,28,0.10714285714285714,0.75,0.1875,0.34210526315789475,0.6578947368421053,0.5460526315789473,applicable
electricity,IsolationForest,independent_window_detector,True,77,proxy_robust_z,16,120,30,0.05,-0.02952366857474259,1.5265443890002643,0.0005067753095318039,1989036,0,1,41,0,0,1,,,,0.9761904761904762,0.023809523809523808,,not_applicable_no_positive_reference
electricity,IsolationForest,independent_window_detector,True,88,injected_5pct,16,120,30,0.05,-0.02941653816548062,0.5533498959994176,0.00044461973807518094,2042725,0,12,28,2,2,12,0.0,0.0,0.0,0.7,0.3,0.35,applicable
electricity,IsolationForest,independent_window_detector,True,88,injected_10pct,16,120,30,0.05,-0.02941653816548062,0.5533498959994176,0.00044579354761524535,2042725,3,24,14,1,4,27,0.1111111111111111,0.75,0.1935483870967742,0.3684210526315789,0.631578947368421,0.5592105263157895,applicable
electricity,IsolationForest,independent_window_detector,True,88,proxy_robust_z,16,120,30,0.05,-0.02941653816548062,0.5533498959994176,0.000615535547629926,2042725,0,0,42,0,0,0,,,,1.0,0.0,,not_applicable_no_positive_reference
electricity,IsolationForest,independent_window_detector,True,99,injected_5pct,16,120,30,0.05,-0.0277306113620982,0.5395818910001253,0.00041957026191344733,2032869,0,13,27,2,2,13,0.0,0.0,0.0,0.675,0.325,0.3375,applicable
electricity,IsolationForest,independent_window_detector,True,99,injected_10pct,16,120,30,0.05,-0.0277306113620982,0.5395818910001253,0.00042939004762437046,2032869,3,23,15,1,4,26,0.11538461538461539,0.75,0.2,0.39473684210526316,0.6052631578947368,0.5723684210526316,applicable
electricity,IsolationForest,independent_window_detector,True,99,proxy_robust_z,16,120,30,0.05,-0.0277306113620982,0.5395818910001253,0.00041607102381628164,2032869,0,2,40,0,0,2,,,,0.9523809523809523,0.047619047619047616,,not_applicable_no_positive_reference
electricity,IsolationForest,independent_window_detector,True,110,injected_5pct,16,120,30,0.05,-0.030650468940225162,0.5545568699999421,0.00043360211904135734,1974076,0,12,28,2,2,12,0.0,0.0,0.0,0.7,0.3,0.35,applicable
electricity,IsolationForest,independent_window_detector,True,110,injected_10pct,16,120,30,0.05,-0.030650468940225162,0.5545568699999421,0.00047937683333051,1974076,3,22,16,1,4,25,0.12,0.75,0.20689655172413793,0.42105263157894735,0.5789473684210527,0.5855263157894737,applicable
electricity,IsolationForest,independent_window_detector,True,110,proxy_robust_z,16,120,30,0.05,-0.030650468940225162,0.5545568699999421,0.0004610587619113392,1974076,0,1,41,0,0,1,,,,0.9761904761904762,0.023809523809523808,,not_applicable_no_positive_reference
electricity,OneClassSVM,independent_window_detector,False,0,injected_5pct,16,120,30,0.05,-0.23079375581910055,0.0009145250005531125,9.702119032659712e-06,6854,2,29,11,0,2,31,0.06451612903225806,1.0,0.12121212121212122,0.275,0.725,0.6375,applicable
electricity,OneClassSVM,independent_window_detector,False,0,injected_10pct,16,120,30,0.05,-0.23079375581910055,0.0009145250005531125,8.722071427092443e-06,6854,4,35,3,0,4,39,0.10256410256410256,1.0,0.18604651162790697,0.07894736842105263,0.9210526315789473,0.5394736842105263,applicable
electricity,OneClassSVM,independent_window_detector,False,0,proxy_robust_z,16,120,30,0.05,-0.23079375581910055,0.0009145250005531125,8.381428566887431e-06,6854,0,20,22,0,0,20,,,,0.5238095238095238,0.47619047619047616,,not_applicable_no_positive_reference
electricity,LocalOutlierFactor,independent_window_detector,False,0,injected_5pct,16,120,30,0.05,-0.45936398383394694,0.0015567179998470237,1.7529928581574322e-05,37850,2,21,19,0,2,23,0.08695652173913043,1.0,0.16,0.475,0.525,0.7375,applicable
electricity,LocalOutlierFactor,independent_window_detector,False,0,injected_10pct,16,120,30,0.05,-0.45936398383394694,0.0015567179998470237,1.764802380507934e-05,37850,4,32,6,0,4,36,0.1111111111111111,1.0,0.2,0.15789473684210525,0.8421052631578947,0.5789473684210527,applicable
electricity,LocalOutlierFactor,independent_window_detector,False,0,proxy_robust_z,16,120,30,0.05,-0.45936398383394694,0.0015567179998470237,2.645352380914985e-05,37850,0,1,41,0,0,1,,,,0.9761904761904762,0.023809523809523808,,not_applicable_no_positive_reference
electricity,Robust-Z,independent_point_detector,False,0,injected_5pct,1,165,0,,3.5,0.0,1.7537380959506014e-06,16,0,0,40,2,2,0,0.0,0.0,0.0,1.0,0.0,0.5,applicable
electricity,Robust-Z,independent_point_detector,False,0,injected_10pct,1,165,0,,3.5,0.0,2.2734523857555664e-06,16,1,0,38,3,4,1,1.0,0.25,0.4,1.0,0.0,0.625,applicable
electricity,Robust-Z,independent_point_detector,False,0,proxy_robust_z,1,165,0,,3.5,0.0,2.1941190468732246e-06,16,0,0,42,0,0,0,,,,1.0,0.0,,not_applicable_no_positive_reference
