dataset,config_id,factor,level,seed,window_size,K_min,K_max,population_size,maximum_generations,crossover_probability,center_mutation_probability,sigma_mutation_probability,consequent_mutation_probability,lambda_rules,lambda_weights,K_selected,generations_ran,training_time_sec,inference_latency_sec,model_size_bytes,RMSE,MAE,sMAPE,R2,R2_manual
cholera,baseline,baseline,reference,11,52,2,8,25,40,0.9,0.25,0.25,0.3,0.005,1e-06,2,30,0.7826656160004859,6.0758488134957765e-05,1696,135.4944905852164,107.8006755219307,98.93939722186177,0.90492597000617,0.90492597000617
cholera,baseline,baseline,reference,22,52,2,8,25,40,0.9,0.25,0.25,0.3,0.005,1e-06,2,40,1.008370616999855,6.296559523174697e-05,1696,102.97987475283108,65.28609856250584,38.53396777345643,0.9450809079357911,0.9450809079357911
cholera,baseline,baseline,reference,33,52,2,8,25,40,0.9,0.25,0.25,0.3,0.005,1e-06,3,40,1.045748120999633,6.680519047785354e-05,2544,96.27539077141412,55.98454973638457,18.768501027453087,0.9519991187930622,0.9519991187930622
cholera,baseline,baseline,reference,44,52,2,8,25,40,0.9,0.25,0.25,0.3,0.005,1e-06,3,22,0.5780001000002812,7.230997614117638e-05,2544,103.84084154836084,76.76617047031073,34.63115822485015,0.9441587632439307,0.9441587632439307
cholera,baseline,baseline,reference,55,52,2,8,25,40,0.9,0.25,0.25,0.3,0.005,1e-06,2,40,0.999925849999272,6.48221071276653e-05,1696,134.7627682445342,117.98555843590141,49.74970770618001,0.9059500698799717,0.9059500698799717
cholera,baseline,baseline,reference,66,52,2,8,25,40,0.9,0.25,0.25,0.3,0.005,1e-06,2,40,1.3143164590001106,9.520434525170241e-05,1696,126.77256822068634,107.37866908221544,45.44669204554262,0.9167720481363749,0.9167720481363749
cholera,baseline,baseline,reference,77,52,2,8,25,40,0.9,0.25,0.25,0.3,0.005,1e-06,3,21,0.7337606470000537,9.865198807173805e-05,2544,203.3380551786156,182.6687045062526,112.35980952942879,0.7858806279426603,0.7858806279426603
cholera,baseline,baseline,reference,88,52,2,8,25,40,0.9,0.25,0.25,0.3,0.005,1e-06,3,15,0.5652803889997813,0.00010107632143834573,2544,218.2377412615556,206.80135894011786,67.97442729452065,0.7533515751128166,0.7533515751128166
cholera,baseline,baseline,reference,99,52,2,8,25,40,0.9,0.25,0.25,0.3,0.005,1e-06,3,40,1.4299518889993124,0.00012341432144629444,2544,112.93697005834922,81.14731525868324,78.50136750217081,0.933947251401489,0.933947251401489
cholera,baseline,baseline,reference,110,52,2,8,25,40,0.9,0.25,0.25,0.3,0.005,1e-06,2,11,0.39525382700048795,9.932996428168346e-05,1696,126.08425869848531,107.78017297331701,46.798516398806974,0.9176733641590866,0.9176733641590866
cholera,K_max__4,K_max,4,11,52,2,4,25,40,0.9,0.25,0.25,0.3,0.005,1e-06,3,40,1.2560669160002362,6.494802373492261e-05,2544,135.24064571472263,107.64053810553837,100.8045657361035,0.9052818730028523,0.9052818730028523
cholera,K_max__4,K_max,4,22,52,2,4,25,40,0.9,0.25,0.25,0.3,0.005,1e-06,2,22,0.5181774590000714,8.193110716092633e-05,1696,125.71609396881108,106.7616178909957,45.8525896490531,0.9181534480624037,0.9181534480624037
cholera,K_max__4,K_max,4,33,52,2,4,25,40,0.9,0.25,0.25,0.3,0.005,1e-06,2,40,0.976296924000053,6.606036902753875e-05,1696,135.60425115611247,107.6586286332171,102.5276459344681,0.9047718736074217,0.9047718736074217
cholera,K_max__4,K_max,4,44,52,2,4,25,40,0.9,0.25,0.25,0.3,0.005,1e-06,2,40,0.9456356560003769,0.00012391542858971487,1696,119.28174629766316,100.04647013173974,45.42705849221281,0.9263171174780308,0.9263171174780308
cholera,K_max__4,K_max,4,55,52,2,4,25,40,0.9,0.25,0.25,0.3,0.005,1e-06,2,40,2.870651358000032,0.00036759886905288327,1696,118.32678490209956,86.20967598317374,78.09084725912288,0.927492194882734,0.927492194882734
cholera,K_max__4,K_max,4,66,52,2,4,25,40,0.9,0.25,0.25,0.3,0.005,1e-06,2,23,2.142609784999877,0.0002984796905517821,1696,156.39899957955123,132.0946488232614,107.93182777296826,0.8733262662706697,0.8733262662706697
cholera,K_max__4,K_max,4,77,52,2,4,25,40,0.9,0.25,0.25,0.3,0.005,1e-06,2,31,2.066484567999396,0.0003367897499434288,1696,107.71603690577476,71.13028558245723,46.8889022777421,0.9399131602421762,0.9399131602421762
cholera,K_max__4,K_max,4,88,52,2,4,25,40,0.9,0.25,0.25,0.3,0.005,1e-06,2,40,3.4876246730000275,0.00023348950001144701,1696,156.16940738258123,142.4880270673581,56.089422815828506,0.8736979048860483,0.8736979048860483
cholera,K_max__4,K_max,4,99,52,2,4,25,40,0.9,0.25,0.25,0.3,0.005,1e-06,3,40,2.3815448089999336,0.00011222607139686824,2544,100.63366495587196,62.427856999944844,33.087867043735486,0.9475548648286407,0.9475548648286407
cholera,K_max__4,K_max,4,110,52,2,4,25,40,0.9,0.25,0.25,0.3,0.005,1e-06,2,12,0.4295984899999894,0.0001185155715250273,1696,186.9780926251452,174.66709116233866,62.213607024418984,0.8189493532316938,0.8189493532316938
cholera,K_max__12,K_max,12,11,52,2,12,25,40,0.9,0.25,0.25,0.3,0.005,1e-06,3,40,1.136192015999768,6.745178573163728e-05,2544,103.25138747788189,66.55390177894938,42.294785911591404,0.9447909310919352,0.9447909310919352
cholera,K_max__12,K_max,12,22,52,2,12,25,40,0.9,0.25,0.25,0.3,0.005,1e-06,2,40,1.0992863279998346,6.635163092704759e-05,1696,96.36598825322494,60.19531943071955,22.818022489774453,0.9519087362961207,0.9519087362961207
cholera,K_max__12,K_max,12,33,52,2,12,25,40,0.9,0.25,0.25,0.3,0.005,1e-06,3,34,0.9330889600005321,6.819428574003506e-05,2544,178.1894482157501,166.0057149819167,61.06806744722482,0.8355694171693614,0.8355694171693614
cholera,K_max__12,K_max,12,44,52,2,12,25,40,0.9,0.25,0.25,0.3,0.005,1e-06,4,40,1.1508405189997575,6.481519046376758e-05,3392,100.87172340564734,71.39860153485286,30.347607537950914,0.9473064434913953,0.9473064434913953
cholera,K_max__12,K_max,12,55,52,2,12,25,40,0.9,0.25,0.25,0.3,0.005,1e-06,4,36,1.0218743939994965,6.831138087666962e-05,3392,114.15458780860112,81.05966255358906,72.63087356636109,0.9325152923785228,0.9325152923785228
cholera,K_max__12,K_max,12,66,52,2,12,25,40,0.9,0.25,0.25,0.3,0.005,1e-06,2,27,0.7651172510004471,6.353280949562239e-05,1696,116.82061141422885,86.06114787485872,31.694251883965624,0.9293263404615373,0.9293263404615373
cholera,K_max__12,K_max,12,77,52,2,12,25,40,0.9,0.25,0.25,0.3,0.005,1e-06,4,40,1.062731664000239,7.382904756187123e-05,3392,108.07052341524125,82.64980765317878,36.46373156440365,0.9395170256809369,0.9395170256809369
cholera,K_max__12,K_max,12,88,52,2,12,25,40,0.9,0.25,0.25,0.3,0.005,1e-06,3,38,1.104069609000362,7.336689286386813e-05,2544,188.85287269006562,176.03167748880108,61.92932333763815,0.815300456969942,0.815300456969942
cholera,K_max__12,K_max,12,99,52,2,12,25,40,0.9,0.25,0.25,0.3,0.005,1e-06,3,39,1.2560874559994772,0.00011052347619105214,2544,96.34031362983809,55.44615211239116,18.992751866185642,0.9519343586266409,0.9519343586266409
cholera,K_max__12,K_max,12,110,52,2,12,25,40,0.9,0.25,0.25,0.3,0.005,1e-06,2,26,0.9289611770000192,0.00011875533341697606,1696,105.92661530767543,77.78533788453906,33.052535933209626,0.9418929508785209,0.9418929508785209
cholera,window_size__half,window_size,half,11,26,2,8,25,40,0.9,0.25,0.25,0.3,0.005,1e-06,4,40,1.3123926649996065,0.00013814376193078628,1728,244.8715456878915,232.70001144960665,73.93771122036742,0.6894759259672576,0.6894759259672576
cholera,window_size__half,window_size,half,22,26,2,8,25,40,0.9,0.25,0.25,0.3,0.005,1e-06,2,24,0.7689192150000963,0.0001125921905246027,864,127.79691102356301,109.69368431894847,47.193163431393806,0.9154216237103338,0.9154216237103338
cholera,window_size__half,window_size,half,33,26,2,8,25,40,0.9,0.25,0.25,0.3,0.005,1e-06,3,23,0.8072078799996234,9.806814282022796e-05,1296,100.71233935600952,73.99253237361167,33.84925986456536,0.9474728306024307,0.9474728306024307
cholera,window_size__half,window_size,half,44,26,2,8,25,40,0.9,0.25,0.25,0.3,0.005,1e-06,3,40,1.2662156049991609,7.396841667849956e-05,1296,95.70112668060695,58.449463294124655,21.094304495994674,0.9525700429241911,0.9525700429241911
cholera,window_size__half,window_size,half,55,26,2,8,25,40,0.9,0.25,0.25,0.3,0.005,1e-06,6,38,0.9940798549996543,6.950066673588091e-05,2592,119.10151508060588,97.19136052391818,41.60456155235166,0.9265396146025879,0.9265396146025879
cholera,window_size__half,window_size,half,66,26,2,8,25,40,0.9,0.25,0.25,0.3,0.005,1e-06,3,40,1.0191836880003393,7.098805951413634e-05,1296,120.40260880136051,92.2993363430854,35.1725251705486,0.9249258499195534,0.9249258499195534
cholera,window_size__half,window_size,half,77,26,2,8,25,40,0.9,0.25,0.25,0.3,0.005,1e-06,6,20,0.534533776999524,6.96240357510327e-05,2592,118.73394450992367,96.80572102149058,41.76851691274415,0.9269923411565671,0.9269923411565671
cholera,window_size__half,window_size,half,88,26,2,8,25,40,0.9,0.25,0.25,0.3,0.005,1e-06,3,40,1.0355929420002212,6.136529766211294e-05,1296,106.37078364188129,68.77494810730092,45.66990229907195,0.9414046236992368,0.9414046236992368
cholera,window_size__half,window_size,half,99,26,2,8,25,40,0.9,0.25,0.25,0.3,0.005,1e-06,3,28,0.738669337999454,7.639788089450339e-05,1296,238.4999925298026,219.4505388979016,114.15302666337368,0.7054253504176593,0.7054253504176593
cholera,window_size__half,window_size,half,110,26,2,8,25,40,0.9,0.25,0.25,0.3,0.005,1e-06,3,40,0.9990309980003076,7.389438090805405e-05,1296,210.86912880622097,190.8963590331914,113.26322625550009,0.7697261417044203,0.7697261417044203
cholera,window_size__one_point_five,window_size,one_point_five,11,78,2,8,25,40,0.9,0.25,0.25,0.3,0.005,1e-06,4,32,0.8670024059993011,6.523377380420113e-05,5056,130.30389967514378,99.63087420413075,85.34958459909596,0.9120707322023033,0.9120707322023033
cholera,window_size__one_point_five,window_size,one_point_five,22,78,2,8,25,40,0.9,0.25,0.25,0.3,0.005,1e-06,3,35,0.9406780019999132,6.735577387319478e-05,3792,101.0596382470848,63.16832233975734,35.065379257883365,0.9471099340207129,0.9471099340207129
cholera,window_size__one_point_five,window_size,one_point_five,33,78,2,8,25,40,0.9,0.25,0.25,0.3,0.005,1e-06,2,40,1.1034459770007743,6.195807137980107e-05,2528,116.81636178818816,78.50608472936108,23.932045137754976,0.9293314822110557,0.9293314822110557
cholera,window_size__one_point_five,window_size,one_point_five,44,78,2,8,25,40,0.9,0.25,0.25,0.3,0.005,1e-06,5,19,0.5449639990001742,6.465516668998004e-05,6320,97.5875801683145,63.583671936813396,25.688647752901378,0.9506817419706458,0.9506817419706458
cholera,window_size__one_point_five,window_size,one_point_five,55,78,2,8,25,40,0.9,0.25,0.25,0.3,0.005,1e-06,2,40,1.2167522449999524,0.00010231605952391138,2528,146.20007844613744,120.4739372357406,104.55659755921015,0.8893086099038657,0.8893086099038657
cholera,window_size__one_point_five,window_size,one_point_five,66,78,2,8,25,40,0.9,0.25,0.25,0.3,0.005,1e-06,2,40,1.3974630980001166,0.00013412307138034002,2528,153.97367858694236,129.55213163017146,107.3734358161668,0.8772245311008563,0.8772245311008563
cholera,window_size__one_point_five,window_size,one_point_five,77,78,2,8,25,40,0.9,0.25,0.25,0.3,0.005,1e-06,3,40,1.4661321229996247,9.942851193045499e-05,3792,195.2975355000518,173.66727768282936,111.48368247442357,0.8024795092630828,0.8024795092630828
cholera,window_size__one_point_five,window_size,one_point_five,88,78,2,8,25,40,0.9,0.25,0.25,0.3,0.005,1e-06,3,28,1.0321188000007169,0.0001293039642643548,3792,100.42291861657931,62.36194511492328,21.788548295765388,0.9477742953163346,0.9477742953163346
cholera,window_size__one_point_five,window_size,one_point_five,99,78,2,8,25,40,0.9,0.25,0.25,0.3,0.005,1e-06,4,30,0.9945013570004448,6.584757143389739e-05,5056,141.41744062986436,113.44510186896193,97.71011273569728,0.8964322416311499,0.8964322416311499
cholera,window_size__one_point_five,window_size,one_point_five,110,78,2,8,25,40,0.9,0.25,0.25,0.3,0.005,1e-06,2,40,1.01835580199986,6.986975006925821e-05,2528,114.84631169327855,93.47647469334713,42.006342255228454,0.9316949623862328,0.9316949623862328
cholera,lambda_rules__0,lambda_rules,0,11,52,2,8,25,40,0.9,0.25,0.25,0.3,0.0,1e-06,8,27,0.7710760660002052,6.873210718151226e-05,6784,107.43574348085399,73.46936460140664,62.41003209409849,0.9402254634784559,0.9402254634784559
cholera,lambda_rules__0,lambda_rules,0,22,52,2,8,25,40,0.9,0.25,0.25,0.3,0.0,1e-06,8,40,1.1061577090003993,7.005003569593966e-05,6784,116.76021678689769,85.86490596782333,84.8293615051641,0.9293993961654938,0.9293993961654938
cholera,lambda_rules__0,lambda_rules,0,33,52,2,8,25,40,0.9,0.25,0.25,0.3,0.0,1e-06,6,40,1.1232621829994969,6.626508328129906e-05,5088,99.31084436994902,60.54353113670347,21.362475377803484,0.9489245761880556,0.9489245761880556
cholera,lambda_rules__0,lambda_rules,0,44,52,2,8,25,40,0.9,0.25,0.25,0.3,0.0,1e-06,4,40,1.1183558270004141,6.514726191025624e-05,3392,156.594279339497,132.53243004070077,107.95726535053942,0.8730097391883658,0.8730097391883658
cholera,lambda_rules__0,lambda_rules,0,55,52,2,8,25,40,0.9,0.25,0.25,0.3,0.0,1e-06,8,40,1.1397983280003245,7.229148812777047e-05,6784,116.10280028913988,94.27481151694663,41.355542578932585,0.9301921890592725,0.9301921890592725
cholera,lambda_rules__0,lambda_rules,0,66,52,2,8,25,40,0.9,0.25,0.25,0.3,0.0,1e-06,8,35,0.9867713250005181,7.276634528352588e-05,6784,117.50056253799113,86.80236537593099,86.13177480036315,0.9285012380421618,0.9285012380421618
cholera,lambda_rules__0,lambda_rules,0,77,52,2,8,25,40,0.9,0.25,0.25,0.3,0.0,1e-06,8,40,1.1321146310001495,0.0001252328809836659,6784,129.69341065734366,100.76649097726602,96.27413475984706,0.9128927199443798,0.9128927199443798
cholera,lambda_rules__0,lambda_rules,0,88,52,2,8,25,40,0.9,0.25,0.25,0.3,0.0,1e-06,7,40,1.1874457339999935,0.00012516132142081915,5936,96.3534794497853,56.04332548534093,18.425186893114606,0.9519212204750862,0.9519212204750862
cholera,lambda_rules__0,lambda_rules,0,99,52,2,8,25,40,0.9,0.25,0.25,0.3,0.0,1e-06,8,40,1.4793015489995014,9.88792261566795e-05,6784,157.91586371021882,140.65357828546863,52.512075740036444,0.8708572143067149,0.8708572143067149
cholera,lambda_rules__0,lambda_rules,0,110,52,2,8,25,40,0.9,0.25,0.25,0.3,0.0,1e-06,7,40,1.4642418789999283,0.00010175853575284626,5936,123.13215735573365,92.80130802829565,90.07705041574535,0.9214833778712486,0.9214833778712486
cholera,lambda_rules__0.02,lambda_rules,0.02,11,52,2,8,25,40,0.9,0.25,0.25,0.3,0.02,1e-06,2,18,0.6029415189996143,9.951205949965654e-05,1696,95.23051908168333,56.310500025256836,19.72199371645069,0.9530353669552487,0.9530353669552487
cholera,lambda_rules__0.02,lambda_rules,0.02,22,52,2,8,25,40,0.9,0.25,0.25,0.3,0.02,1e-06,2,40,1.3455964969998604,0.00010189011902097956,1696,95.23722271578228,55.73647235549135,19.03270597955212,0.9530287546885148,0.9530287546885148
cholera,lambda_rules__0.02,lambda_rules,0.02,33,52,2,8,25,40,0.9,0.25,0.25,0.3,0.02,1e-06,2,40,0.9477174340008787,5.9658416689888415e-05,1696,174.61283242885182,162.1432246504877,62.21242006320678,0.8421040667450328,0.8421040667450328
cholera,lambda_rules__0.02,lambda_rules,0.02,44,52,2,8,25,40,0.9,0.25,0.25,0.3,0.02,1e-06,2,26,0.6287922370001979,6.043560720822175e-05,1696,189.12316368933548,176.10144338296837,61.788646214070084,0.8147713853323374,0.8147713853323374
cholera,lambda_rules__0.02,lambda_rules,0.02,55,52,2,8,25,40,0.9,0.25,0.25,0.3,0.02,1e-06,2,38,0.8922151449996818,6.722782140535682e-05,1696,98.63578376429994,61.38649004838604,22.34193493178751,0.9496165816194926,0.9496165816194926
cholera,lambda_rules__0.02,lambda_rules,0.02,66,52,2,8,25,40,0.9,0.25,0.25,0.3,0.02,1e-06,2,40,0.9394854089996443,6.0451904714465766e-05,1696,171.07328767512433,157.3931560359969,58.13195382657413,0.8484405454589381,0.8484405454589381
cholera,lambda_rules__0.02,lambda_rules,0.02,77,52,2,8,25,40,0.9,0.25,0.25,0.3,0.02,1e-06,2,34,0.7742104609997114,6.0937142886056485e-05,1696,186.44875315960016,173.32372390374852,61.25718418513593,0.8199730196139179,0.8199730196139179
cholera,lambda_rules__0.02,lambda_rules,0.02,88,52,2,8,25,40,0.9,0.25,0.25,0.3,0.02,1e-06,2,40,0.9306985410003108,5.935478571657205e-05,1696,118.37949821180982,97.67902398748505,42.990181156513415,0.9274275775985102,0.9274275775985102
cholera,lambda_rules__0.02,lambda_rules,0.02,99,52,2,8,25,40,0.9,0.25,0.25,0.3,0.02,1e-06,2,37,0.8912027679998573,6.872855947005432e-05,1696,116.30980529689052,95.64589987424482,43.03680946438898,0.929943040051709,0.929943040051709
cholera,lambda_rules__0.02,lambda_rules,0.02,110,52,2,8,25,40,0.9,0.25,0.25,0.3,0.02,1e-06,2,25,0.5946723639999618,6.205135714697549e-05,1696,130.37784133880595,112.95897022095224,48.423014262112005,0.9119709119965167,0.9119709119965167
cholera,mutation_probability__low_0.15,mutation_probability,low_0.15,11,52,2,8,25,40,0.9,0.15,0.15,0.15,0.005,1e-06,2,24,0.5822420949998559,6.609178580046795e-05,1696,96.76125685295575,55.86286936734454,19.75102132268541,0.9515134111038109,0.9515134111038109
cholera,mutation_probability__low_0.15,mutation_probability,low_0.15,22,52,2,8,25,40,0.9,0.15,0.15,0.15,0.005,1e-06,2,18,0.44296540999948775,5.945547618899755e-05,1696,95.23725387626686,55.73945647767745,19.036208655823046,0.9530287239516462,0.9530287239516462
cholera,mutation_probability__low_0.15,mutation_probability,low_0.15,33,52,2,8,25,40,0.9,0.15,0.15,0.15,0.005,1e-06,3,35,0.9047122250003667,6.499471434532704e-05,2544,121.9891348683204,91.57947522831309,90.0747291595731,0.9229343345379248,0.9229343345379248
cholera,mutation_probability__low_0.15,mutation_probability,low_0.15,44,52,2,8,25,40,0.9,0.15,0.15,0.15,0.005,1e-06,3,40,1.0159648440003366,6.21794286503462e-05,2544,103.00356493300536,65.78143835570722,40.004971464036906,0.9450556371177895,0.9450556371177895
cholera,mutation_probability__low_0.15,mutation_probability,low_0.15,55,52,2,8,25,40,0.9,0.15,0.15,0.15,0.005,1e-06,2,40,1.1865867599999547,0.0001002092737962812,1696,103.34204332052751,75.27140937363626,33.35731741636436,0.9446939402036008,0.9446939402036008
cholera,mutation_probability__low_0.15,mutation_probability,low_0.15,66,52,2,8,25,40,0.9,0.15,0.15,0.15,0.005,1e-06,2,20,0.6615105840000979,9.920860717708517e-05,1696,192.1865019092908,180.8047733392025,64.31762188056742,0.8087222765619104,0.8087222765619104
cholera,mutation_probability__low_0.15,mutation_probability,low_0.15,77,52,2,8,25,40,0.9,0.15,0.15,0.15,0.005,1e-06,3,23,0.7990758469995853,0.00010455548805934778,2544,148.97878340011636,133.12561383479056,52.29980433287369,0.885060983425566,0.885060983425566
cholera,mutation_probability__low_0.15,mutation_probability,low_0.15,88,52,2,8,25,40,0.9,0.15,0.15,0.15,0.005,1e-06,4,40,1.3551449070000672,9.43005952324581e-05,3392,123.4921055433103,93.60613715493623,90.16448945725983,0.9210236567877816,0.9210236567877816
cholera,mutation_probability__low_0.15,mutation_probability,low_0.15,99,52,2,8,25,40,0.9,0.15,0.15,0.15,0.005,1e-06,3,38,1.3798961200000122,0.00011295857141357417,2544,163.35941826615812,149.16644430950754,56.299861943963116,0.8618003361859432,0.8618003361859432
cholera,mutation_probability__low_0.15,mutation_probability,low_0.15,110,52,2,8,25,40,0.9,0.15,0.15,0.15,0.005,1e-06,3,40,0.9860180129999208,6.664586898555822e-05,2544,125.92008088323301,95.8253954572271,89.95625404001846,0.9178876241695663,0.9178876241695663
cholera,mutation_probability__high_0.45,mutation_probability,high_0.45,11,52,2,8,25,40,0.9,0.45,0.45,0.45,0.005,1e-06,2,29,0.7364219259998208,6.77788094825311e-05,1696,136.2378839160387,120.17032308982326,50.91022221033595,0.9038798568242212,0.9038798568242212
cholera,mutation_probability__high_0.45,mutation_probability,high_0.45,22,52,2,8,25,40,0.9,0.45,0.45,0.45,0.005,1e-06,3,22,0.5774496429994542,8.505014285392896e-05,2544,95.75590794364703,56.41213882974965,19.36101889585611,0.9525157276471045,0.9525157276471045
cholera,mutation_probability__high_0.45,mutation_probability,high_0.45,33,52,2,8,25,40,0.9,0.45,0.45,0.45,0.005,1e-06,2,40,1.0853888210003788,6.531441666387157e-05,1696,109.31597327652725,87.15232414631785,41.03189195804182,0.9381149306747708,0.9381149306747708
cholera,mutation_probability__high_0.45,mutation_probability,high_0.45,44,52,2,8,25,40,0.9,0.45,0.45,0.45,0.005,1e-06,2,40,1.0261466480005765,5.970008332735146e-05,1696,104.57786196272863,68.54943268285581,47.340244260578565,0.943363273037027,0.943363273037027
cholera,mutation_probability__high_0.45,mutation_probability,high_0.45,55,52,2,8,25,40,0.9,0.45,0.45,0.45,0.005,1e-06,2,29,0.7419624479998674,6.722532143179532e-05,1696,107.81355807243303,83.0043044285222,37.372605958546885,0.939804311245278,0.939804311245278
cholera,mutation_probability__high_0.45,mutation_probability,high_0.45,66,52,2,8,25,40,0.9,0.45,0.45,0.45,0.005,1e-06,2,40,0.980540657000347,0.00011649176188993373,1696,96.8148754194569,56.20765450383095,20.523989074669416,0.9514596602165751,0.9514596602165751
cholera,mutation_probability__high_0.45,mutation_probability,high_0.45,77,52,2,8,25,40,0.9,0.45,0.45,0.45,0.005,1e-06,4,40,1.0396672440001566,0.00010342444049153225,3392,98.19707263403197,57.25675482885582,18.77579253091583,0.9500637744969833,0.9500637744969833
cholera,mutation_probability__high_0.45,mutation_probability,high_0.45,88,52,2,8,25,40,0.9,0.45,0.45,0.45,0.005,1e-06,4,40,1.0697450020006727,6.716298799974971e-05,3392,126.53222637710525,92.86693709738432,79.38367832801447,0.9170873245115162,0.9170873245115162
cholera,mutation_probability__high_0.45,mutation_probability,high_0.45,99,52,2,8,25,40,0.9,0.45,0.45,0.45,0.005,1e-06,3,31,0.8063649790001364,5.973795245630581e-05,2544,101.7010660377454,70.31741020476034,29.364431606195463,0.9464364144904789,0.9464364144904789
cholera,mutation_probability__high_0.45,mutation_probability,high_0.45,110,52,2,8,25,40,0.9,0.45,0.45,0.45,0.005,1e-06,2,11,0.290982234000694,0.00010395339285466998,1696,126.08425869848531,107.78017297331701,46.798516398806974,0.9176733641590866,0.9176733641590866
cholera,crossover_probability__0.70,crossover_probability,0.70,11,52,2,8,25,40,0.7,0.25,0.25,0.3,0.005,1e-06,2,32,0.8721001910007544,0.0001663630119396874,1696,108.90645556417842,78.62788676523736,30.786225085923164,0.938577727856816,0.938577727856816
cholera,crossover_probability__0.70,crossover_probability,0.70,22,52,2,8,25,40,0.7,0.25,0.25,0.3,0.005,1e-06,2,40,1.2626942959996086,9.358023815019849e-05,1696,98.8113802612786,58.744638346508815,25.661858587551407,0.9494370316324012,0.9494370316324012
cholera,crossover_probability__0.70,crossover_probability,0.70,33,52,2,8,25,40,0.7,0.25,0.25,0.3,0.005,1e-06,4,40,1.3308916380001392,0.00010095048814729948,3392,112.40597690004844,74.52269828048904,43.26583339150829,0.9345669086369292,0.9345669086369292
cholera,crossover_probability__0.70,crossover_probability,0.70,44,52,2,8,25,40,0.7,0.25,0.25,0.3,0.005,1e-06,3,40,2.341654378000385,7.164409531209717e-05,2544,96.85944180331573,55.87766064948893,18.574518630151022,0.9514149611905227,0.9514149611905227
cholera,crossover_probability__0.70,crossover_probability,0.70,55,52,2,8,25,40,0.7,0.25,0.25,0.3,0.005,1e-06,4,40,0.9437877239997761,6.49486547185266e-05,3392,220.42047392591272,208.22535419022245,67.55689638480222,0.7483931307435099,0.7483931307435099
cholera,crossover_probability__0.70,crossover_probability,0.70,66,52,2,8,25,40,0.7,0.25,0.25,0.3,0.005,1e-06,3,40,1.0045782610004608,6.85236666738222e-05,2544,111.78164518131591,78.27877336935565,68.65760161025392,0.9352917544926933,0.9352917544926933
cholera,crossover_probability__0.70,crossover_probability,0.70,77,52,2,8,25,40,0.7,0.25,0.25,0.3,0.005,1e-06,4,40,1.0643799610006681,6.505680957637932e-05,3392,153.28593571246034,127.79524972205624,107.45238748885254,0.8783188659024808,0.8783188659024808
cholera,crossover_probability__0.70,crossover_probability,0.70,88,52,2,8,25,40,0.7,0.25,0.25,0.3,0.005,1e-06,2,40,0.971924202000082,7.084828567236574e-05,1696,103.621912026724,73.97348759252606,31.32799364668181,0.9443939772052802,0.9443939772052802
cholera,crossover_probability__0.70,crossover_probability,0.70,99,52,2,8,25,40,0.7,0.25,0.25,0.3,0.005,1e-06,2,23,0.5575414819995785,6.633804763450393e-05,1696,128.8710057245696,109.50834487200117,45.811830772548575,0.9139939374176157,0.9139939374176157
cholera,crossover_probability__0.70,crossover_probability,0.70,110,52,2,8,25,40,0.7,0.25,0.25,0.3,0.005,1e-06,2,19,0.4562400000004345,5.9380380943843016e-05,1696,130.2112588742514,112.75858351970163,48.35717687108477,0.912195716061273,0.912195716061273
cholera,ga_budget__small_15x20,ga_budget,small_15x20,11,52,2,8,15,20,0.9,0.25,0.25,0.3,0.005,1e-06,2,20,0.28797607900014555,6.361583331497622e-05,1696,124.86345824797013,106.80644276839699,47.23772930334057,0.9192598878440758,0.9192598878440758
cholera,ga_budget__small_15x20,ga_budget,small_15x20,22,52,2,8,15,20,0.9,0.25,0.25,0.3,0.005,1e-06,3,19,0.28504983899983927,6.743526191279497e-05,2544,99.46271953497593,58.971389669109804,25.11083710810781,0.9487682383804041,0.9487682383804041
cholera,ga_budget__small_15x20,ga_budget,small_15x20,33,52,2,8,15,20,0.9,0.25,0.25,0.3,0.005,1e-06,3,20,0.31576078699981736,6.495310711735718e-05,2544,109.38624692471657,86.77442395785098,40.106612510981854,0.9380353396086367,0.9380353396086367
cholera,ga_budget__small_15x20,ga_budget,small_15x20,44,52,2,8,15,20,0.9,0.25,0.25,0.3,0.005,1e-06,3,20,0.32665462299974024,6.563167856993026e-05,2544,118.05524996369644,86.33328099762915,81.6172257216816,0.9278245931990308,0.9278245931990308
cholera,ga_budget__small_15x20,ga_budget,small_15x20,55,52,2,8,15,20,0.9,0.25,0.25,0.3,0.005,1e-06,4,19,0.30253167299997585,7.182653570496422e-05,3392,119.31389233579758,87.57626808803441,81.36873670282894,0.9262773975377784,0.9262773975377784
cholera,ga_budget__small_15x20,ga_budget,small_15x20,66,52,2,8,15,20,0.9,0.25,0.25,0.3,0.005,1e-06,2,20,0.2977236479991916,6.757759522423883e-05,1696,96.093923098784,57.482708266097916,20.086468256611674,0.952179900172319,0.952179900172319
cholera,ga_budget__small_15x20,ga_budget,small_15x20,77,52,2,8,15,20,0.9,0.25,0.25,0.3,0.005,1e-06,2,20,0.298566851999567,6.310032145371398e-05,1696,247.06536908837376,235.58213545523392,72.35339818089642,0.6838869826138299,0.6838869826138299
cholera,ga_budget__small_15x20,ga_budget,small_15x20,88,52,2,8,15,20,0.9,0.25,0.25,0.3,0.005,1e-06,2,20,0.2940196469999137,6.32521905031137e-05,1696,158.33008591346834,144.84276679735575,56.55390848274943,0.8701788281509206,0.8701788281509206
cholera,ga_budget__small_15x20,ga_budget,small_15x20,99,52,2,8,15,20,0.9,0.25,0.25,0.3,0.005,1e-06,3,20,0.31836343700069847,6.391684527919832e-05,2544,123.17552959391595,102.44566571289768,43.38524306779185,0.9214280545263471,0.9214280545263471
cholera,ga_budget__small_15x20,ga_budget,small_15x20,110,52,2,8,15,20,0.9,0.25,0.25,0.3,0.005,1e-06,2,20,0.2836142710002605,6.392749997714764e-05,1696,130.37112709595723,112.94803136286426,48.41684513398152,0.9119799784674678,0.9119799784674678
cholera,ga_budget__large_40x60,ga_budget,large_40x60,11,52,2,8,40,60,0.9,0.25,0.25,0.3,0.005,1e-06,3,39,1.5977569229999062,6.76791071327898e-05,2544,96.75041656801496,55.85444380961034,19.772679407578135,0.951524274521965,0.951524274521965
cholera,ga_budget__large_40x60,ga_budget,large_40x60,22,52,2,8,40,60,0.9,0.25,0.25,0.3,0.005,1e-06,2,60,3.3513276620005854,0.00014382747617890432,1696,143.65590477523236,117.19210773678493,105.01161291922773,0.8931275922747611,0.8931275922747611
cholera,ga_budget__large_40x60,ga_budget,large_40x60,33,52,2,8,40,60,0.9,0.25,0.25,0.3,0.005,1e-06,3,60,2.915801189999911,8.730672620263899e-05,2544,128.24825442224628,99.67636533842456,36.07163467467946,0.914823153820483,0.914823153820483
cholera,ga_budget__large_40x60,ga_budget,large_40x60,44,52,2,8,40,60,0.9,0.25,0.25,0.3,0.005,1e-06,3,21,0.8572703579993686,6.980339285941486e-05,2544,95.72075457176727,56.589794827656284,19.30454881587196,0.9525505855670116,0.9525505855670116
cholera,ga_budget__large_40x60,ga_budget,large_40x60,55,52,2,8,40,60,0.9,0.25,0.25,0.3,0.005,1e-06,2,30,1.2500962670001172,0.0003219744761563128,1696,171.4388472801749,156.0949534307304,56.66831369007272,0.8477921308478821,0.8477921308478821
cholera,ga_budget__large_40x60,ga_budget,large_40x60,66,52,2,8,40,60,0.9,0.25,0.25,0.3,0.005,1e-06,3,41,2.5772590340002353,6.468409524781496e-05,2544,191.14198638086864,169.67538091022834,111.6988048913741,0.8107957793682457,0.8107957793682457
cholera,ga_budget__large_40x60,ga_budget,large_40x60,77,52,2,8,40,60,0.9,0.25,0.25,0.3,0.005,1e-06,3,43,1.7894025730001886,0.00012487017855684307,2544,105.059445599614,66.6229442894495,41.87244862285868,0.9428404449316843,0.9428404449316843
cholera,ga_budget__large_40x60,ga_budget,large_40x60,88,52,2,8,40,60,0.9,0.25,0.25,0.3,0.005,1e-06,3,24,1.004986994000319,6.840376190233482e-05,2544,245.7655612783954,234.56165653240285,72.47681548282323,0.6872043664855918,0.6872043664855918
cholera,ga_budget__large_40x60,ga_budget,large_40x60,99,52,2,8,40,60,0.9,0.25,0.25,0.3,0.005,1e-06,3,58,2.815210305000619,9.968722618699151e-05,2544,100.72091028604063,62.24445849319665,32.12714412744714,0.9474638897744546,0.9474638897744546
cholera,ga_budget__large_40x60,ga_budget,large_40x60,110,52,2,8,40,60,0.9,0.25,0.25,0.3,0.005,1e-06,2,11,0.6273374459997285,0.00011924603559453404,1696,126.08425869848531,107.78017297331701,46.798516398806974,0.9176733641590866,0.9176733641590866
ilinet,baseline,baseline,reference,11,24,2,8,25,40,0.9,0.25,0.25,0.3,0.005,1e-06,7,40,1.1751659210003709,9.5886230785534e-05,2800,0.47143099654047577,0.25522241533713635,6.746200799750265,0.939885124204474,0.939885124204474
ilinet,baseline,baseline,reference,22,24,2,8,25,40,0.9,0.25,0.25,0.3,0.005,1e-06,7,40,1.2193923069999073,0.00011363978842382494,2800,0.44041940122669837,0.2513735113393204,7.596856573078507,0.9475339256302632,0.9475339256302632
ilinet,baseline,baseline,reference,33,24,2,8,25,40,0.9,0.25,0.25,0.3,0.005,1e-06,8,40,1.0182536729998901,7.503053846518854e-05,3200,0.43593979774812575,0.2636831247606803,8.344442074077616,0.9485957859917653,0.9485957859917653
ilinet,baseline,baseline,reference,44,24,2,8,25,40,0.9,0.25,0.25,0.3,0.005,1e-06,4,34,0.7298130849994777,6.448619226900449e-05,1600,0.4517083596774049,0.2618351861557173,7.029179545661902,0.9448098032471961,0.9448098032471961
ilinet,baseline,baseline,reference,55,24,2,8,25,40,0.9,0.25,0.25,0.3,0.005,1e-06,6,40,0.8661817210004301,6.521511538546922e-05,2400,0.42465190794262253,0.26528849283240913,8.399221324192304,0.9512233639097588,0.9512233639097588
ilinet,baseline,baseline,reference,66,24,2,8,25,40,0.9,0.25,0.25,0.3,0.005,1e-06,8,28,0.6261664329995256,6.607888452400893e-05,3200,0.4489044075050391,0.2686749945959285,8.283505315871246,0.9454928562218878,0.9454928562218878
ilinet,baseline,baseline,reference,77,24,2,8,25,40,0.9,0.25,0.25,0.3,0.005,1e-06,8,32,0.7069788230000995,6.778357685386884e-05,3200,0.44897441372904034,0.273979217204715,9.318229408402914,0.9454758542197177,0.9454758542197177
ilinet,baseline,baseline,reference,88,24,2,8,25,40,0.9,0.25,0.25,0.3,0.005,1e-06,8,40,0.8786622529996748,6.474346150753263e-05,3200,0.4414832580095979,0.2442509158682174,6.646264040295996,0.947280150239435,0.947280150239435
ilinet,baseline,baseline,reference,99,24,2,8,25,40,0.9,0.25,0.25,0.3,0.005,1e-06,8,23,0.4984708860001774,7.524448084530796e-05,3200,0.43654844448010094,0.27486595083845866,9.279869781546877,0.9484521475901253,0.9484521475901253
ilinet,baseline,baseline,reference,110,24,2,8,25,40,0.9,0.25,0.25,0.3,0.005,1e-06,8,40,0.8758055839998633,6.721190388466661e-05,3200,0.42176943369454833,0.25589103066126756,7.345425958527,0.951883293690661,0.951883293690661
ilinet,K_max__4,K_max,4,11,24,2,4,25,40,0.9,0.25,0.25,0.3,0.005,1e-06,4,40,0.8352159229998506,6.247101917394433e-05,1600,0.4532100575396139,0.2700584335982883,8.110572051918897,0.9444422352634961,0.9444422352634961
ilinet,K_max__4,K_max,4,22,24,2,4,25,40,0.9,0.25,0.25,0.3,0.005,1e-06,4,40,0.7783068480002839,0.00011763928845399417,1600,0.48169330816540595,0.27710575880102567,7.706433073653553,0.9372394252314007,0.9372394252314007
ilinet,K_max__4,K_max,4,33,24,2,4,25,40,0.9,0.25,0.25,0.3,0.005,1e-06,4,40,0.7981599919994551,6.242928858367892e-05,1600,0.4743405495028102,0.3076719835102126,10.354732190258577,0.9391408067606978,0.9391408067606978
ilinet,K_max__4,K_max,4,44,24,2,4,25,40,0.9,0.25,0.25,0.3,0.005,1e-06,4,40,0.7806396279993351,6.220623086287211e-05,1600,0.45971488254711657,0.27692689189653935,8.515726906553603,0.9428359732989442,0.9428359732989442
ilinet,K_max__4,K_max,4,55,24,2,4,25,40,0.9,0.25,0.25,0.3,0.005,1e-06,4,40,0.7984333519998472,6.279467309538562e-05,1600,0.4622229951664561,0.27132783054611004,7.790409015695676,0.9422105207340642,0.9422105207340642
ilinet,K_max__4,K_max,4,66,24,2,4,25,40,0.9,0.25,0.25,0.3,0.005,1e-06,4,40,1.0556431240001984,0.00011023363453414977,1600,0.4196511789695998,0.23548205229990804,7.09115601946623,0.9523653935635563,0.9523653935635563
ilinet,K_max__4,K_max,4,77,24,2,4,25,40,0.9,0.25,0.25,0.3,0.005,1e-06,4,40,1.0985460969995984,0.0001317117499079009,1600,0.44300054248895127,0.27417764421885216,9.414098883159184,0.9469171536164664,0.9469171536164664
ilinet,K_max__4,K_max,4,88,24,2,4,25,40,0.9,0.25,0.25,0.3,0.005,1e-06,2,40,1.0910317789994224,0.00010160561548498383,800,0.4494487802794035,0.261011206927228,7.469940176255475,0.9453605777417622,0.9453605777417622
ilinet,K_max__4,K_max,4,99,24,2,4,25,40,0.9,0.25,0.25,0.3,0.005,1e-06,4,33,0.8944630879996112,0.00013650734618190304,1600,0.4275905149753738,0.2558040020795045,7.597850402910658,0.9505459558670964,0.9505459558670964
ilinet,K_max__4,K_max,4,110,24,2,4,25,40,0.9,0.25,0.25,0.3,0.005,1e-06,4,40,1.1691192739999678,6.655492318084446e-05,1600,0.4836825113597444,0.2535159300367974,6.796020465486954,0.9367200021422881,0.9367200021422881
ilinet,K_max__12,K_max,12,11,24,2,12,25,40,0.9,0.25,0.25,0.3,0.005,1e-06,5,40,0.9112708510001539,7.08364807801095e-05,2000,0.42955261034998055,0.24899253888582354,6.749836742465925,0.9500910525051467,0.9500910525051467
ilinet,K_max__12,K_max,12,22,24,2,12,25,40,0.9,0.25,0.25,0.3,0.005,1e-06,12,40,0.9615591349993338,7.044671163105074e-05,4800,0.4509256672713405,0.26243794623729505,7.873950926950918,0.9450008978880565,0.9450008978880565
ilinet,K_max__12,K_max,12,33,24,2,12,25,40,0.9,0.25,0.25,0.3,0.005,1e-06,6,18,0.415995658000611,6.401934613747401e-05,2400,0.454118320230395,0.2737625561752911,8.59130152479097,0.9442193293165718,0.9442193293165718
ilinet,K_max__12,K_max,12,44,24,2,12,25,40,0.9,0.25,0.25,0.3,0.005,1e-06,6,34,0.797721668000122,6.923359623774908e-05,2400,0.44103040463326687,0.25248555614920337,7.096935051336731,0.947388250000481,0.947388250000481
ilinet,K_max__12,K_max,12,55,24,2,12,25,40,0.9,0.25,0.25,0.3,0.005,1e-06,8,37,0.858698043000004,6.079676917089763e-05,3200,0.46532359218109914,0.28144484471449577,8.287102198682746,0.9414326154120913,0.9414326154120913
ilinet,K_max__12,K_max,12,66,24,2,12,25,40,0.9,0.25,0.25,0.3,0.005,1e-06,10,36,0.8340633110001363,7.525490396941538e-05,4000,0.47798921257783256,0.2855018299323594,8.236163217901902,0.9382009388870823,0.9382009388870823
ilinet,K_max__12,K_max,12,77,24,2,12,25,40,0.9,0.25,0.25,0.3,0.005,1e-06,3,40,0.8953464550004355,7.965925005219805e-05,1200,0.45567110216224244,0.27479959512779567,7.601647504277132,0.9438372117191492,0.9438372117191492
ilinet,K_max__12,K_max,12,88,24,2,12,25,40,0.9,0.25,0.25,0.3,0.005,1e-06,12,38,0.8944566300006045,7.239373079615828e-05,4800,0.4515519739655501,0.25272322017066867,7.321761159735743,0.9448480113695917,0.9448480113695917
ilinet,K_max__12,K_max,12,99,24,2,12,25,40,0.9,0.25,0.25,0.3,0.005,1e-06,8,33,0.7792004540006019,0.00010236236548385372,3200,0.4545958478597084,0.2759963891821254,8.367753080119872,0.9441019554287506,0.9441019554287506
ilinet,K_max__12,K_max,12,110,24,2,12,25,40,0.9,0.25,0.25,0.3,0.005,1e-06,6,40,0.8946664750001219,7.127376927830762e-05,2400,0.43924324463383696,0.2487865043768123,7.784333216505527,0.9478137767081445,0.9478137767081445
ilinet,window_size__half,window_size,half,11,12,2,8,25,40,0.9,0.25,0.25,0.3,0.005,1e-06,8,40,0.8289151879998826,6.671628845931712e-05,1664,0.45546082923142567,0.2614836831783126,7.230129964567493,0.943889033259919,0.943889033259919
ilinet,window_size__half,window_size,half,22,12,2,8,25,40,0.9,0.25,0.25,0.3,0.005,1e-06,5,40,0.8543869390005057,0.0001438871923325608,1040,0.44754155749002444,0.271251923092421,7.89578663099085,0.9458233154364515,0.9458233154364515
ilinet,window_size__half,window_size,half,33,12,2,8,25,40,0.9,0.25,0.25,0.3,0.005,1e-06,5,40,1.14632601699941,9.656515392355056e-05,1040,0.449087855029095,0.25569113660476606,7.045452702297024,0.9454482977657025,0.9454482977657025
ilinet,window_size__half,window_size,half,44,12,2,8,25,40,0.9,0.25,0.25,0.3,0.005,1e-06,8,40,1.1586537880002652,9.935994236142366e-05,1664,0.4576465978244987,0.26740224352620606,7.45499815642035,0.9433491849539698,0.9433491849539698
ilinet,window_size__half,window_size,half,55,12,2,8,25,40,0.9,0.25,0.25,0.3,0.005,1e-06,5,40,1.102610550999998,9.83358460976328e-05,1040,0.4525623007062531,0.26011654915115473,7.452553526098979,0.944600935199806,0.944600935199806
ilinet,window_size__half,window_size,half,66,12,2,8,25,40,0.9,0.25,0.25,0.3,0.005,1e-06,8,19,0.5354361480003718,0.0001044856539045633,1664,0.4582006235028089,0.258748443286053,7.355561981326694,0.94321193929635,0.94321193929635
ilinet,window_size__half,window_size,half,77,12,2,8,25,40,0.9,0.25,0.25,0.3,0.005,1e-06,5,40,1.168640076999509,8.369805767380548e-05,1040,0.44798380936606563,0.25914699242254924,7.5789572320025895,0.9457161898376782,0.9457161898376782
ilinet,window_size__half,window_size,half,88,12,2,8,25,40,0.9,0.25,0.25,0.3,0.005,1e-06,5,40,0.8183134999999311,6.620207692811583e-05,1040,0.4502332156266729,0.2516150831998053,7.029195947784883,0.9451696839207945,0.9451696839207945
ilinet,window_size__half,window_size,half,99,12,2,8,25,40,0.9,0.25,0.25,0.3,0.005,1e-06,8,40,0.8251571470000272,5.97146345521301e-05,1664,0.44103166674881833,0.2606706928082313,7.3902546801396625,0.9473879488774646,0.9473879488774646
ilinet,window_size__half,window_size,half,110,12,2,8,25,40,0.9,0.25,0.25,0.3,0.005,1e-06,7,40,0.8194959989996278,6.844178843633787e-05,1456,0.4553144153196404,0.26454734861882057,7.1406471845798,0.9439251026873146,0.9439251026873146
ilinet,window_size__one_point_five,window_size,one_point_five,11,36,2,8,25,40,0.9,0.25,0.25,0.3,0.005,1e-06,8,40,0.8919436599999244,6.214707690770201e-05,4736,0.4449018242507859,0.2607032514580448,7.456455803836978,0.9464605310380109,0.9464605310380109
ilinet,window_size__one_point_five,window_size,one_point_five,22,36,2,8,25,40,0.9,0.25,0.25,0.3,0.005,1e-06,8,40,0.8708361219996732,6.521271155599187e-05,4736,0.47252324727248923,0.2971082680363403,8.37993448464586,0.9396062431743266,0.9396062431743266
ilinet,window_size__one_point_five,window_size,one_point_five,33,36,2,8,25,40,0.9,0.25,0.25,0.3,0.005,1e-06,8,40,0.8838541929999337,7.562836537125314e-05,4736,0.45887667788972714,0.2823329853190495,9.829916084428515,0.9430442392178623,0.9430442392178623
ilinet,window_size__one_point_five,window_size,one_point_five,44,36,2,8,25,40,0.9,0.25,0.25,0.3,0.005,1e-06,6,40,0.8671184539998649,6.390415380617644e-05,3552,0.4490552218266686,0.2601354874064711,7.239579764059896,0.9454562255332531,0.9454562255332531
ilinet,window_size__one_point_five,window_size,one_point_five,55,36,2,8,25,40,0.9,0.25,0.25,0.3,0.005,1e-06,6,40,0.8956797700002426,6.784496144973673e-05,3552,0.4484146717398191,0.25170744178918886,6.729842813197435,0.9456117213355065,0.9456117213355065
ilinet,window_size__one_point_five,window_size,one_point_five,66,36,2,8,25,40,0.9,0.25,0.25,0.3,0.005,1e-06,6,40,0.9038511200005814,6.35664422798772e-05,3552,0.44755181865769683,0.2552721026361347,7.213596258977671,0.9458208310976993,0.9458208310976993
ilinet,window_size__one_point_five,window_size,one_point_five,77,36,2,8,25,40,0.9,0.25,0.25,0.3,0.005,1e-06,7,40,0.8936457929994504,6.838884612009749e-05,4144,0.443855599110637,0.26219561829531435,7.7073556504312055,0.946712040355737,0.946712040355737
ilinet,window_size__one_point_five,window_size,one_point_five,88,36,2,8,25,40,0.9,0.25,0.25,0.3,0.005,1e-06,4,40,0.8924070659995778,0.0001281592692171566,2368,0.4327246522923,0.24950228044584588,7.211690265245675,0.949351223180026,0.949351223180026
ilinet,window_size__one_point_five,window_size,one_point_five,99,36,2,8,25,40,0.9,0.25,0.25,0.3,0.005,1e-06,8,34,1.0400448569998844,0.00010614617303872365,4736,0.460134572044855,0.29023575820139913,9.53459676037446,0.9427315516509424,0.9427315516509424
ilinet,window_size__one_point_five,window_size,one_point_five,110,36,2,8,25,40,0.9,0.25,0.25,0.3,0.005,1e-06,8,40,1.2666871340006765,0.00010256690386365965,4736,0.4306037961068309,0.2435073827744826,7.728773367009048,0.9498464828437339,0.9498464828437339
ilinet,lambda_rules__0,lambda_rules,0,11,24,2,8,25,40,0.9,0.25,0.25,0.3,0.0,1e-06,8,27,0.7770225599997502,0.00010646824994882291,3200,0.4656968129748167,0.2866620047126047,8.374122455283349,0.9413386277779001,0.9413386277779001
ilinet,lambda_rules__0,lambda_rules,0,22,24,2,8,25,40,0.9,0.25,0.25,0.3,0.0,1e-06,8,40,1.1886266700003034,0.00017524025007822693,3200,0.4339444434664547,0.25342097937043956,7.519292469013047,0.9490652768786767,0.9490652768786767
ilinet,lambda_rules__0,lambda_rules,0,33,24,2,8,25,40,0.9,0.25,0.25,0.3,0.0,1e-06,8,40,1.1230052199998681,6.40663462350998e-05,3200,0.4619818761887656,0.25839793930707733,6.793437643928085,0.9422707968602203,0.9422707968602203
ilinet,lambda_rules__0,lambda_rules,0,44,24,2,8,25,40,0.9,0.25,0.25,0.3,0.0,1e-06,8,40,0.8558132360003583,6.556876918204161e-05,3200,0.46123772975132943,0.2616392264349258,7.338599231693542,0.9424566239870025,0.9424566239870025
ilinet,lambda_rules__0,lambda_rules,0,55,24,2,8,25,40,0.9,0.25,0.25,0.3,0.0,1e-06,8,40,0.8810581050001929,7.26158462454735e-05,3200,0.429324808002589,0.26322616686806977,8.103986498222383,0.9501439743610086,0.9501439743610086
ilinet,lambda_rules__0,lambda_rules,0,66,24,2,8,25,40,0.9,0.25,0.25,0.3,0.0,1e-06,8,40,0.8857707199995275,6.208019217760571e-05,3200,0.4451055408573882,0.25230596467742417,7.382170488202171,0.9464114893149914,0.9464114893149914
ilinet,lambda_rules__0,lambda_rules,0,77,24,2,8,25,40,0.9,0.25,0.25,0.3,0.0,1e-06,8,40,0.8758950250003181,7.687698079140458e-05,3200,0.4376568600865002,0.24801118197550712,7.088183138114526,0.9481900507677592,0.9481900507677592
ilinet,lambda_rules__0,lambda_rules,0,88,24,2,8,25,40,0.9,0.25,0.25,0.3,0.0,1e-06,7,40,0.8812149080004019,6.12841153829672e-05,2800,0.43960999093844055,0.24798748442608895,6.5111228027920935,0.9477265945152319,0.9477265945152319
ilinet,lambda_rules__0,lambda_rules,0,99,24,2,8,25,40,0.9,0.25,0.25,0.3,0.0,1e-06,7,40,0.8637080550006431,6.460475008050428e-05,2800,0.45020720047559964,0.2857017775492678,9.128156086229115,0.9451760200936772,0.9451760200936772
ilinet,lambda_rules__0,lambda_rules,0,110,24,2,8,25,40,0.9,0.25,0.25,0.3,0.0,1e-06,8,36,0.7627062390001811,8.180848075985872e-05,3200,0.43755062298911046,0.24545725872946125,7.1972204755303135,0.9482152004733173,0.9482152004733173
ilinet,lambda_rules__0.02,lambda_rules,0.02,11,24,2,8,25,40,0.9,0.25,0.25,0.3,0.02,1e-06,4,40,0.8894938960002037,6.555540380759339e-05,1600,0.4359436467994265,0.2579191693743599,7.722650630359023,0.9485948782594074,0.9485948782594074
ilinet,lambda_rules__0.02,lambda_rules,0.02,22,24,2,8,25,40,0.9,0.25,0.25,0.3,0.02,1e-06,4,18,0.3828888729995015,6.713521142606063e-05,1600,0.45916126762950954,0.28198573047918596,8.924734292877574,0.9429735707692722,0.9429735707692722
ilinet,lambda_rules__0.02,lambda_rules,0.02,33,24,2,8,25,40,0.9,0.25,0.25,0.3,0.02,1e-06,4,35,0.7360024680001516,6.498182693366498e-05,1600,0.4166206473502479,0.24959924127531044,7.024218800541883,0.9530509006863236,0.9530509006863236
ilinet,lambda_rules__0.02,lambda_rules,0.02,44,24,2,8,25,40,0.9,0.25,0.25,0.3,0.02,1e-06,3,40,0.8622794450002402,7.048353845325786e-05,1200,0.4918939351000639,0.28041898961730066,7.859227500665146,0.9345531690644708,0.9345531690644708
ilinet,lambda_rules__0.02,lambda_rules,0.02,55,24,2,8,25,40,0.9,0.25,0.25,0.3,0.02,1e-06,4,40,0.9542655179993744,0.00010324051922557723,1600,0.46321765490980754,0.2753782635597913,7.802790129945023,0.941961538247746,0.941961538247746
ilinet,lambda_rules__0.02,lambda_rules,0.02,66,24,2,8,25,40,0.9,0.25,0.25,0.3,0.02,1e-06,4,40,1.1125023310005417,9.98488269488007e-05,1600,0.4615434328536147,0.29779998802902274,8.832639204934333,0.9423803205233109,0.9423803205233109
ilinet,lambda_rules__0.02,lambda_rules,0.02,77,24,2,8,25,40,0.9,0.25,0.25,0.3,0.02,1e-06,2,40,1.1807162110007994,0.00010496490388224908,800,0.4638808268665368,0.2896524941055375,8.336643030894573,0.9417952361569872,0.9417952361569872
ilinet,lambda_rules__0.02,lambda_rules,0.02,88,24,2,8,25,40,0.9,0.25,0.25,0.3,0.02,1e-06,3,40,1.1244957019998765,0.00010468873076136403,1200,0.4749203146060764,0.259537556611801,7.732947483222752,0.9389919449375419,0.9389919449375419
ilinet,lambda_rules__0.02,lambda_rules,0.02,99,24,2,8,25,40,0.9,0.25,0.25,0.3,0.02,1e-06,6,40,1.2456881719999728,0.00011316480771921096,2400,0.44984547670400327,0.2637598293767786,8.354599834870651,0.945264082523579,0.945264082523579
ilinet,lambda_rules__0.02,lambda_rules,0.02,110,24,2,8,25,40,0.9,0.25,0.25,0.3,0.02,1e-06,4,40,0.8240791969992642,6.69592116257543e-05,1600,0.4531210042831086,0.2761504642537894,7.800237184199715,0.9444640667021578,0.9444640667021578
ilinet,mutation_probability__low_0.15,mutation_probability,low_0.15,11,24,2,8,25,40,0.9,0.15,0.15,0.15,0.005,1e-06,4,37,0.7943930709998313,6.651942310152383e-05,1600,0.44452438238639125,0.26153756743172524,9.028725714326907,0.9465513351836676,0.9465513351836676
ilinet,mutation_probability__low_0.15,mutation_probability,low_0.15,22,24,2,8,25,40,0.9,0.15,0.15,0.15,0.005,1e-06,6,40,0.8471820719996686,7.047538455341195e-05,2400,0.44137140215275544,0.27039754551358575,7.948198546184187,0.947306861453573,0.947306861453573
ilinet,mutation_probability__low_0.15,mutation_probability,low_0.15,33,24,2,8,25,40,0.9,0.15,0.15,0.15,0.005,1e-06,8,40,0.8836577910005872,6.422934605045436e-05,3200,0.4650851096376308,0.27036165043182286,8.090328204054062,0.9414926326555411,0.9414926326555411
ilinet,mutation_probability__low_0.15,mutation_probability,low_0.15,44,24,2,8,25,40,0.9,0.15,0.15,0.15,0.005,1e-06,3,40,0.8370070720002332,6.668965392446598e-05,1200,0.4817948615962392,0.2920333493680266,8.507650666128082,0.9372129593310625,0.9372129593310625
ilinet,mutation_probability__low_0.15,mutation_probability,low_0.15,55,24,2,8,25,40,0.9,0.15,0.15,0.15,0.005,1e-06,8,37,0.7962928300003114,6.949590386704166e-05,3200,0.4257649477139849,0.24833275366165658,7.303696505191787,0.9509673354587675,0.9509673354587675
ilinet,mutation_probability__low_0.15,mutation_probability,low_0.15,66,24,2,8,25,40,0.9,0.15,0.15,0.15,0.005,1e-06,7,32,0.7054672040003425,6.642546155979708e-05,2800,0.4486561241552328,0.27039060743730553,7.679296291092418,0.9455531339714222,0.9455531339714222
ilinet,mutation_probability__low_0.15,mutation_probability,low_0.15,77,24,2,8,25,40,0.9,0.15,0.15,0.15,0.005,1e-06,7,40,1.6376229369998327,7.710373081583664e-05,2800,0.45547291660220324,0.25639812723186733,6.909254950941223,0.9438860549881736,0.9438860549881736
ilinet,mutation_probability__low_0.15,mutation_probability,low_0.15,88,24,2,8,25,40,0.9,0.15,0.15,0.15,0.005,1e-06,8,40,1.4963124300002164,6.754253845778854e-05,3200,0.4488215315058001,0.2702928051919321,7.713737928658128,0.9455129804039601,0.9455129804039601
ilinet,mutation_probability__low_0.15,mutation_probability,low_0.15,99,24,2,8,25,40,0.9,0.15,0.15,0.15,0.005,1e-06,6,40,0.935889897999914,8.293055763995374e-05,2400,0.44049685663784155,0.26368166930183035,7.554698667648616,0.9475154698642667,0.9475154698642667
ilinet,mutation_probability__low_0.15,mutation_probability,low_0.15,110,24,2,8,25,40,0.9,0.15,0.15,0.15,0.005,1e-06,8,40,1.2170707089999269,0.00010292755763867508,3200,0.46039572876672974,0.26630749752510713,7.341749443115352,0.942666525958824,0.942666525958824
ilinet,mutation_probability__high_0.45,mutation_probability,high_0.45,11,24,2,8,25,40,0.9,0.45,0.45,0.45,0.005,1e-06,8,40,1.2362685930002044,0.00013306598076759165,3200,0.48714060067221326,0.27852788881461366,7.846696037007692,0.9358119265580886,0.9358119265580886
ilinet,mutation_probability__high_0.45,mutation_probability,high_0.45,22,24,2,8,25,40,0.9,0.45,0.45,0.45,0.005,1e-06,7,40,1.2148996589994567,0.00010556996160350816,2800,0.44178707361596453,0.2688481876077215,8.192290847247493,0.9472075648170818,0.9472075648170818
ilinet,mutation_probability__high_0.45,mutation_probability,high_0.45,33,24,2,8,25,40,0.9,0.45,0.45,0.45,0.005,1e-06,7,40,1.2885720829999627,0.00015870961536935423,2800,0.4481488426498055,0.2450540688712867,6.988157953211379,0.9456761871170495,0.9456761871170495
ilinet,mutation_probability__high_0.45,mutation_probability,high_0.45,44,24,2,8,25,40,0.9,0.45,0.45,0.45,0.005,1e-06,6,29,0.7948673259998031,7.392763464290161e-05,2400,0.42242773408317996,0.24585713817977778,8.104024320761072,0.9517329747562256,0.9517329747562256
ilinet,mutation_probability__high_0.45,mutation_probability,high_0.45,55,24,2,8,25,40,0.9,0.45,0.45,0.45,0.005,1e-06,7,26,0.615347703000225,7.119032688234046e-05,2800,0.4419077544310656,0.2643338076332942,7.728088098112369,0.9471787187748968,0.9471787187748968
ilinet,mutation_probability__high_0.45,mutation_probability,high_0.45,66,24,2,8,25,40,0.9,0.45,0.45,0.45,0.005,1e-06,6,40,0.9355539490006777,6.971417311573392e-05,2400,0.44295043738255535,0.24661109361187086,7.3742127156913435,0.9469291606954573,0.9469291606954573
ilinet,mutation_probability__high_0.45,mutation_probability,high_0.45,77,24,2,8,25,40,0.9,0.45,0.45,0.45,0.005,1e-06,7,22,0.5022100770001998,7.343473080604432e-05,2800,0.4309692007662931,0.2485430210650638,7.0389130111226175,0.94976132751179,0.94976132751179
ilinet,mutation_probability__high_0.45,mutation_probability,high_0.45,88,24,2,8,25,40,0.9,0.45,0.45,0.45,0.005,1e-06,8,40,0.9649515219998648,6.704119228883288e-05,3200,0.42746335672057895,0.25960143478432596,7.8398808124553,0.9505753651017661,0.9505753651017661
ilinet,mutation_probability__high_0.45,mutation_probability,high_0.45,99,24,2,8,25,40,0.9,0.45,0.45,0.45,0.005,1e-06,8,40,0.9308476380001593,7.454076918433062e-05,3200,0.4512956332571638,0.2767722563066901,9.093981597418823,0.9449106118574511,0.9449106118574511
ilinet,mutation_probability__high_0.45,mutation_probability,high_0.45,110,24,2,8,25,40,0.9,0.45,0.45,0.45,0.005,1e-06,8,34,0.7920087820002664,7.405315383179046e-05,3200,0.44612068618829803,0.27435078113370603,8.222547819311139,0.9461667735962369,0.9461667735962369
ilinet,crossover_probability__0.70,crossover_probability,0.70,11,24,2,8,25,40,0.7,0.25,0.25,0.3,0.005,1e-06,7,40,1.0453831550003088,6.890663465898027e-05,2800,0.45003887486326416,0.2555608698536678,6.89557423907738,0.9452170081312831,0.9452170081312831
ilinet,crossover_probability__0.70,crossover_probability,0.70,22,24,2,8,25,40,0.7,0.25,0.25,0.3,0.005,1e-06,7,24,0.5527596550000453,6.741384612933661e-05,2800,0.45001869901833275,0.24717312455722112,6.846889254082765,0.9452219200108325,0.9452219200108325
ilinet,crossover_probability__0.70,crossover_probability,0.70,33,24,2,8,25,40,0.7,0.25,0.25,0.3,0.005,1e-06,3,40,0.8836331259999497,7.164744229507611e-05,1200,0.4476647312930208,0.2552932335792396,7.093509364584191,0.9457934899757218,0.9457934899757218
ilinet,crossover_probability__0.70,crossover_probability,0.70,44,24,2,8,25,40,0.7,0.25,0.25,0.3,0.005,1e-06,4,40,0.9393270580003446,7.68148653465827e-05,1600,0.4495219129222873,0.2713115877718999,8.187686429423053,0.9453427948457712,0.9453427948457712
ilinet,crossover_probability__0.70,crossover_probability,0.70,55,24,2,8,25,40,0.7,0.25,0.25,0.3,0.005,1e-06,7,40,0.9543889349997698,7.493621148149451e-05,2800,0.4546017020863207,0.28372342480811286,8.968355091179763,0.9441005157238844,0.9441005157238844
ilinet,crossover_probability__0.70,crossover_probability,0.70,66,24,2,8,25,40,0.7,0.25,0.25,0.3,0.005,1e-06,7,40,1.1628423070005738,0.00010023736537662514,2800,0.44513437752868384,0.2702074623576776,8.907175318675693,0.9464045455042164,0.9464045455042164
ilinet,crossover_probability__0.70,crossover_probability,0.70,77,24,2,8,25,40,0.7,0.25,0.25,0.3,0.005,1e-06,8,40,1.1970054980001805,0.00013383682697237347,3200,0.4267887049074082,0.2521259552894639,7.682522806852006,0.9507312526453763,0.9507312526453763
ilinet,crossover_probability__0.70,crossover_probability,0.70,88,24,2,8,25,40,0.7,0.25,0.25,0.3,0.005,1e-06,7,40,1.2342971250000119,0.00010761842311414791,2800,0.43835103276358584,0.2499712486742799,6.724403752503877,0.9480255676910139,0.9480255676910139
ilinet,crossover_probability__0.70,crossover_probability,0.70,99,24,2,8,25,40,0.7,0.25,0.25,0.3,0.005,1e-06,4,40,1.2611324600002263,0.00010751748074583772,1600,0.4894260092758691,0.2998782127851905,9.187624513078044,0.9352082401257027,0.9352082401257027
ilinet,crossover_probability__0.70,crossover_probability,0.70,110,24,2,8,25,40,0.7,0.25,0.25,0.3,0.005,1e-06,6,40,1.1428907139998046,6.213409610959039e-05,2400,0.4227547586837135,0.2472190575309811,7.352196940475647,0.9516582134978947,0.9516582134978947
ilinet,ga_budget__small_15x20,ga_budget,small_15x20,11,24,2,8,15,20,0.9,0.25,0.25,0.3,0.005,1e-06,7,20,0.2677079200002481,8.167898078262134e-05,2800,0.4491193165166552,0.2539036932839014,7.2043313368947555,0.9454406541039996,0.9454406541039996
ilinet,ga_budget__small_15x20,ga_budget,small_15x20,22,24,2,8,15,20,0.9,0.25,0.25,0.3,0.005,1e-06,6,20,0.2708636449997357,6.776603852533578e-05,2400,0.45643195973185724,0.2675155106142355,7.424012583909429,0.9436494993177846,0.9436494993177846
ilinet,ga_budget__small_15x20,ga_budget,small_15x20,33,24,2,8,15,20,0.9,0.25,0.25,0.3,0.005,1e-06,7,20,0.2676411400007055,6.742836537271684e-05,2800,0.44151536084350085,0.2628531768320222,7.735739633606989,0.9472724828224549,0.9472724828224549
ilinet,ga_budget__small_15x20,ga_budget,small_15x20,44,24,2,8,15,20,0.9,0.25,0.25,0.3,0.005,1e-06,6,20,0.2763063130005321,6.61704231193793e-05,2400,0.4794691424788458,0.3081770394772236,9.126349268276824,0.9378176672123082,0.9378176672123082
ilinet,ga_budget__small_15x20,ga_budget,small_15x20,55,24,2,8,15,20,0.9,0.25,0.25,0.3,0.005,1e-06,3,20,0.2811745069993776,7.287538458583115e-05,1200,0.4591534806296058,0.29279374067001196,11.351591077510143,0.9429755049961539,0.9429755049961539
ilinet,ga_budget__small_15x20,ga_budget,small_15x20,66,24,2,8,15,20,0.9,0.25,0.25,0.3,0.005,1e-06,4,20,0.25359867900078825,7.187299998944442e-05,1600,0.4634127710655977,0.28786322515808055,7.861953094770928,0.9419126341249484,0.9419126341249484
ilinet,ga_budget__small_15x20,ga_budget,small_15x20,77,24,2,8,15,20,0.9,0.25,0.25,0.3,0.005,1e-06,7,20,0.2723320959994453,7.029646161964383e-05,2800,0.4731682348978372,0.2821638769213503,8.476043528930587,0.9394412573822831,0.9394412573822831
ilinet,ga_budget__small_15x20,ga_budget,small_15x20,88,24,2,8,15,20,0.9,0.25,0.25,0.3,0.005,1e-06,5,20,0.29710329999943497,6.703905775723867e-05,2000,0.44845688871247513,0.272346015362961,8.722705814395686,0.945601479848312,0.945601479848312
ilinet,ga_budget__small_15x20,ga_budget,small_15x20,99,24,2,8,15,20,0.9,0.25,0.25,0.3,0.005,1e-06,8,20,0.28309862400055863,7.363348081176249e-05,3200,0.44328586619863125,0.253954993991583,7.093341303015752,0.9468487533745734,0.9468487533745734
ilinet,ga_budget__small_15x20,ga_budget,small_15x20,110,24,2,8,15,20,0.9,0.25,0.25,0.3,0.005,1e-06,8,20,0.2701367809995645,7.323996158867466e-05,3200,0.46162246556185876,0.27756731442492766,7.4307479170406925,0.942360585742647,0.942360585742647
ilinet,ga_budget__large_40x60,ga_budget,large_40x60,11,24,2,8,40,60,0.9,0.25,0.25,0.3,0.005,1e-06,7,60,2.222519594000005,0.00010435755757498555,2800,0.46537395992907205,0.28793884737594716,8.668591136039902,0.9414199357759481,0.9414199357759481
ilinet,ga_budget__large_40x60,ga_budget,large_40x60,22,24,2,8,40,60,0.9,0.25,0.25,0.3,0.005,1e-06,3,60,2.125808796000456,0.00013433307698016087,1200,0.46938477279280755,0.26009845514109275,7.114570352241259,0.940405843169109,0.940405843169109
ilinet,ga_budget__large_40x60,ga_budget,large_40x60,33,24,2,8,40,60,0.9,0.25,0.25,0.3,0.005,1e-06,8,53,1.8923360789995058,6.394588472875721e-05,3200,0.4416627073591424,0.24614896738024813,6.715818248473597,0.9472372835382155,0.9472372835382155
ilinet,ga_budget__large_40x60,ga_budget,large_40x60,44,24,2,8,40,60,0.9,0.25,0.25,0.3,0.005,1e-06,6,55,2.596478512000431,0.00011858784621556249,2400,0.4705595775909483,0.27692291190010604,8.322137172551148,0.940107158081845,0.940107158081845
ilinet,ga_budget__large_40x60,ga_budget,large_40x60,55,24,2,8,40,60,0.9,0.25,0.25,0.3,0.005,1e-06,8,53,2.6833118980002837,0.00011507874997872792,3200,0.4553452245713854,0.27957839409560414,8.919162219361338,0.9439175137157362,0.9439175137157362
ilinet,ga_budget__large_40x60,ga_budget,large_40x60,66,24,2,8,40,60,0.9,0.25,0.25,0.3,0.005,1e-06,7,60,2.3631388170006176,6.814340375827809e-05,2800,0.4336501279315835,0.25375391815258375,7.392242550442775,0.9491343446906887,0.9491343446906887
ilinet,ga_budget__large_40x60,ga_budget,large_40x60,77,24,2,8,40,60,0.9,0.25,0.25,0.3,0.005,1e-06,5,37,1.3412917839996226,7.38075768647552e-05,2000,0.4623534939874004,0.2695522463425679,8.279541420422863,0.9421778848696817,0.9421778848696817
ilinet,ga_budget__large_40x60,ga_budget,large_40x60,88,24,2,8,40,60,0.9,0.25,0.25,0.3,0.005,1e-06,7,60,2.259009094999783,7.111703847001011e-05,2800,0.4295230843405374,0.23865975459720115,6.2675379503794995,0.9500979134175189,0.9500979134175189
ilinet,ga_budget__large_40x60,ga_budget,large_40x60,99,24,2,8,40,60,0.9,0.25,0.25,0.3,0.005,1e-06,7,60,2.2638762799997494,7.61285385019269e-05,2800,0.4668795230867809,0.2650267687976022,7.6252799945546155,0.941040289906109,0.941040289906109
ilinet,ga_budget__large_40x60,ga_budget,large_40x60,110,24,2,8,40,60,0.9,0.25,0.25,0.3,0.005,1e-06,7,44,1.6475432279994493,7.314490393092946e-05,2800,0.42765169100091793,0.2481990786352748,7.353038778520031,0.9505318039241248,0.9505318039241248
electricity,baseline,baseline,reference,11,16,2,8,25,40,0.9,0.25,0.25,0.3,0.005,1e-06,8,40,1.0143667469992579,0.00010337500006720628,2176,0.14579333924643512,0.11105972542334397,11.953234861131321,0.6067094275371413,0.6067094275371413
electricity,baseline,baseline,reference,22,16,2,8,25,40,0.9,0.25,0.25,0.3,0.005,1e-06,6,40,1.1447189789996628,9.867838103413565e-05,1632,0.15151569732383774,0.12200053571770014,12.631504444411345,0.575230399835738,0.575230399835738
electricity,baseline,baseline,reference,33,16,2,8,25,40,0.9,0.25,0.25,0.3,0.005,1e-06,7,40,1.240402301999893,0.0001057325236962199,1904,0.14528851513542915,0.11237891254144479,12.023876359942918,0.6094283285216484,0.6094283285216484
electricity,baseline,baseline,reference,44,16,2,8,25,40,0.9,0.25,0.25,0.3,0.005,1e-06,8,40,1.149563940999542,9.45788809163094e-05,2176,0.1441728283335275,0.10941843270466377,11.560263583141694,0.6154037843293199,0.6154037843293199
electricity,baseline,baseline,reference,55,16,2,8,25,40,0.9,0.25,0.25,0.3,0.005,1e-06,8,40,1.214146384999367,0.00013166769054978865,2176,0.14731534383546244,0.11186869294228546,12.0463572120116,0.5984550787520739,0.5984550787520739
electricity,baseline,baseline,reference,66,16,2,8,25,40,0.9,0.25,0.25,0.3,0.005,1e-06,6,40,0.8701444070002253,6.310402369265267e-05,1632,0.15230641273439824,0.11455019796634498,12.217168356670362,0.570785338598059,0.570785338598059
electricity,baseline,baseline,reference,77,16,2,8,25,40,0.9,0.25,0.25,0.3,0.005,1e-06,6,40,0.8347279720001097,6.624497620491421e-05,1632,0.14580407850618732,0.1121498343934623,12.080830500979998,0.6066514851757634,0.6066514851757634
electricity,baseline,baseline,reference,88,16,2,8,25,40,0.9,0.25,0.25,0.3,0.005,1e-06,7,40,0.8336070420000397,6.708150000295496e-05,1904,0.14513608107292283,0.1105269382264373,11.732333924214597,0.6102474599479821,0.6102474599479821
electricity,baseline,baseline,reference,99,16,2,8,25,40,0.9,0.25,0.25,0.3,0.005,1e-06,8,40,0.8661109889999352,6.680821429870862e-05,2176,0.1517889422514056,0.11557882786176739,12.2118387597714,0.5736969508518928,0.5736969508518928
electricity,baseline,baseline,reference,110,16,2,8,25,40,0.9,0.25,0.25,0.3,0.005,1e-06,8,40,0.8382842629998777,7.44177380814411e-05,2176,0.14951164293457964,0.11440389712338,12.330371035933876,0.5863926978984659,0.5863926978984659
electricity,K_max__4,K_max,4,11,16,2,4,25,40,0.9,0.25,0.25,0.3,0.005,1e-06,4,40,0.8173992590000125,6.571473810860577e-05,1088,0.14979476672535721,0.1098964179587674,11.665351748047081,0.5848247538835815,0.5848247538835815
electricity,K_max__4,K_max,4,22,16,2,4,25,40,0.9,0.25,0.25,0.3,0.005,1e-06,4,40,0.8085059629993339,7.594847624031467e-05,1088,0.1510956281404604,0.11678995560115184,12.543455478915483,0.5775824369481383,0.5775824369481383
electricity,K_max__4,K_max,4,33,16,2,4,25,40,0.9,0.25,0.25,0.3,0.005,1e-06,4,31,0.6024517890000425,7.095823812484187e-05,1088,0.14909557218115332,0.11557448619175306,12.372626120275088,0.5886915215476802,0.5886915215476802
electricity,K_max__4,K_max,4,44,16,2,4,25,40,0.9,0.25,0.25,0.3,0.005,1e-06,3,40,0.7870799060001445,6.246361904448436e-05,816,0.15345837165515536,0.12120790342585186,12.621405675675105,0.5642681149097386,0.5642681149097386
electricity,K_max__4,K_max,4,55,16,2,4,25,40,0.9,0.25,0.25,0.3,0.005,1e-06,4,40,0.7893380719997367,6.984319038781992e-05,1088,0.1483178631261978,0.11879825399462283,12.591349042392066,0.5929712469914868,0.5929712469914868
electricity,K_max__4,K_max,4,66,16,2,4,25,40,0.9,0.25,0.25,0.3,0.005,1e-06,4,40,0.8158910499996637,8.72540714616272e-05,1088,0.14405482398858344,0.11250204922823903,12.120326805256033,0.6160331047329775,0.6160331047329775
electricity,K_max__4,K_max,4,77,16,2,4,25,40,0.9,0.25,0.25,0.3,0.005,1e-06,3,40,0.7961989720006386,6.929442856961119e-05,816,0.15457484321756543,0.11732631631427595,12.577550841893595,0.5579048004731662,0.5579048004731662
electricity,K_max__4,K_max,4,88,16,2,4,25,40,0.9,0.25,0.25,0.3,0.005,1e-06,4,40,1.0180343109996102,0.00012162045240551205,1088,0.15165270293492636,0.11819668920180955,12.428571093435984,0.5744618704888368,0.5744618704888368
electricity,K_max__4,K_max,4,99,16,2,4,25,40,0.9,0.25,0.25,0.3,0.005,1e-06,4,40,1.0784180949995061,0.000102189357156541,1088,0.15051962217787382,0.11451698239629032,12.281551907541848,0.5807969740708412,0.5807969740708412
electricity,K_max__4,K_max,4,110,16,2,4,25,40,0.9,0.25,0.25,0.3,0.005,1e-06,4,40,1.0879605180007275,0.00010210990480378055,1088,0.15417726306733515,0.11512808611488705,12.31462984975903,0.5601760915374101,0.5601760915374101
electricity,K_max__12,K_max,12,11,16,2,12,25,40,0.9,0.25,0.25,0.3,0.005,1e-06,8,40,1.169202373999724,0.00012698769047520252,2176,0.1462882275604666,0.10979353794174421,11.47138101255397,0.6040348849462867,0.6040348849462867
electricity,K_max__12,K_max,12,22,16,2,12,25,40,0.9,0.25,0.25,0.3,0.005,1e-06,8,40,1.2222743060001449,6.471271429594101e-05,2176,0.1529020454333518,0.11713882876172932,12.341696873794227,0.5674216694926533,0.5674216694926533
electricity,K_max__12,K_max,12,33,16,2,12,25,40,0.9,0.25,0.25,0.3,0.005,1e-06,11,40,0.8120999759994447,6.168497616055815e-05,2992,0.15273926226702098,0.11281781578775295,12.023480621573485,0.568342245624899,0.568342245624899
electricity,K_max__12,K_max,12,44,16,2,12,25,40,0.9,0.25,0.25,0.3,0.005,1e-06,7,40,0.8198560070004532,6.757440474930696e-05,1904,0.15067102440783364,0.11427028954752257,12.347522363927633,0.5799532276910676,0.5799532276910676
electricity,K_max__12,K_max,12,55,16,2,12,25,40,0.9,0.25,0.25,0.3,0.005,1e-06,8,40,0.8283054980001907,6.640273813034236e-05,2176,0.14615950401906377,0.11497344919334689,12.426915821636312,0.6047314222914526,0.6047314222914526
electricity,K_max__12,K_max,12,66,16,2,12,25,40,0.9,0.25,0.25,0.3,0.005,1e-06,8,40,0.8566845929999545,6.87723572160134e-05,2176,0.15474808720221225,0.11269495169583452,12.10840263807847,0.5569132645580037,0.5569132645580037
electricity,K_max__12,K_max,12,77,16,2,12,25,40,0.9,0.25,0.25,0.3,0.005,1e-06,11,40,0.860477076999814,7.033552388488065e-05,2992,0.15413287941889356,0.1206319563216815,12.750432423833496,0.5604292829554824,0.5604292829554824
electricity,K_max__12,K_max,12,88,16,2,12,25,40,0.9,0.25,0.25,0.3,0.005,1e-06,4,40,0.8683810849997826,6.867904758543037e-05,1088,0.15279559332261056,0.11424594743182771,12.355784769065876,0.568023791541997,0.568023791541997
electricity,K_max__12,K_max,12,99,16,2,12,25,40,0.9,0.25,0.25,0.3,0.005,1e-06,12,40,0.8925986399999601,6.329264293266792e-05,3264,0.15600048414950346,0.11950303421632709,12.354720168397128,0.5497123225922311,0.5497123225922311
electricity,K_max__12,K_max,12,110,16,2,12,25,40,0.9,0.25,0.25,0.3,0.005,1e-06,6,40,0.8720128330005537,6.29562855681884e-05,1632,0.15218127695300096,0.11569768488025234,12.485987541039508,0.5714903390877557,0.5714903390877557
electricity,window_size__half,window_size,half,11,8,2,8,25,40,0.9,0.25,0.25,0.3,0.005,1e-06,5,32,0.6409393419999105,7.92578572102121e-05,720,0.1488940428177723,0.118444811156786,12.422265191896154,0.5898026841901092,0.5898026841901092
electricity,window_size__half,window_size,half,22,8,2,8,25,40,0.9,0.25,0.25,0.3,0.005,1e-06,8,40,0.8225244189998193,7.342683327459825e-05,1152,0.1452852066766672,0.1142479573136064,11.905973975269253,0.6094461162394843,0.6094461162394843
electricity,window_size__half,window_size,half,33,8,2,8,25,40,0.9,0.25,0.25,0.3,0.005,1e-06,7,40,0.7744898989994908,6.599338099650118e-05,1008,0.14858715524928595,0.119704001305966,12.84870412529528,0.5914918683021416,0.5914918683021416
electricity,window_size__half,window_size,half,44,8,2,8,25,40,0.9,0.25,0.25,0.3,0.005,1e-06,5,40,0.8047104139996009,0.00013494807147989852,720,0.14788324425449517,0.12064279466384994,12.812708753016095,0.5953532013067695,0.5953532013067695
electricity,window_size__half,window_size,half,55,8,2,8,25,40,0.9,0.25,0.25,0.3,0.005,1e-06,8,40,1.0621215319997646,9.88436904230011e-05,1152,0.14126969622150756,0.11127146087134535,11.529737001650158,0.6307366610254084,0.6307366610254084
electricity,window_size__half,window_size,half,66,8,2,8,25,40,0.9,0.25,0.25,0.3,0.005,1e-06,6,40,1.0743418190004377,0.00011581695237813013,864,0.13992633570521318,0.11102457683471414,11.612815359522324,0.6377260616937086,0.6377260616937086
electricity,window_size__half,window_size,half,77,8,2,8,25,40,0.9,0.25,0.25,0.3,0.005,1e-06,8,40,1.0817771369993352,0.00010028876186836333,1152,0.14883002461996644,0.11919092609601548,12.440682027237884,0.5901553436657528,0.5901553436657528
electricity,window_size__half,window_size,half,88,8,2,8,25,40,0.9,0.25,0.25,0.3,0.005,1e-06,8,40,1.101131264000287,0.00010579904756014002,1152,0.14597390079776837,0.11769623951233354,12.30526471998344,0.6057346624305806,0.6057346624305806
electricity,window_size__half,window_size,half,99,8,2,8,25,40,0.9,0.25,0.25,0.3,0.005,1e-06,8,40,1.0235439030002453,6.574573812724252e-05,1152,0.14558056575257367,0.11658809434540116,12.21707737251441,0.6078565409272101,0.6078565409272101
electricity,window_size__half,window_size,half,110,8,2,8,25,40,0.9,0.25,0.25,0.3,0.005,1e-06,7,40,0.7841309720006393,6.37090238558899e-05,1008,0.13540017746288302,0.10658997961458676,10.94094181678497,0.6607837592397003,0.6607837592397003
electricity,window_size__one_point_five,window_size,one_point_five,11,24,2,8,25,40,0.9,0.25,0.25,0.3,0.005,1e-06,6,40,0.8572161949996371,7.504169053347487e-05,2400,0.14322721305397196,0.11115895173962259,11.814836489447135,0.6204322961713239,0.6204322961713239
electricity,window_size__one_point_five,window_size,one_point_five,22,24,2,8,25,40,0.9,0.25,0.25,0.3,0.005,1e-06,8,40,0.8334459939997032,0.00012599883330906216,3200,0.14237073611914142,0.10917836461349838,11.494070898934265,0.6249582375664473,0.6249582375664473
electricity,window_size__one_point_five,window_size,one_point_five,33,24,2,8,25,40,0.9,0.25,0.25,0.3,0.005,1e-06,4,40,0.8201277459993435,7.701595235890377e-05,1600,0.14477271177910087,0.11514701491141861,12.409318843262957,0.6121966212581493,0.6121966212581493
electricity,window_size__one_point_five,window_size,one_point_five,44,24,2,8,25,40,0.9,0.25,0.25,0.3,0.005,1e-06,8,40,0.8495861850005895,6.81484286057336e-05,3200,0.14773546365043974,0.11558209636273671,12.466676491398905,0.5961615291186082,0.5961615291186082
electricity,window_size__one_point_five,window_size,one_point_five,55,24,2,8,25,40,0.9,0.25,0.25,0.3,0.005,1e-06,8,40,0.8403778279998733,6.724847617078922e-05,3200,0.1442044565389302,0.11422859467199978,12.328007471424659,0.6152350226769663,0.6152350226769663
electricity,window_size__one_point_five,window_size,one_point_five,66,24,2,8,25,40,0.9,0.25,0.25,0.3,0.005,1e-06,7,40,0.8595058729997618,6.84895953132322e-05,2800,0.13469988879911055,0.10430937748198203,11.416684605003928,0.6642835328866419,0.6642835328866419
electricity,window_size__one_point_five,window_size,one_point_five,77,24,2,8,25,40,0.9,0.25,0.25,0.3,0.005,1e-06,8,40,0.8600117189998855,7.055826182251968e-05,3200,0.13762661303583631,0.1033598654806811,10.878132496553812,0.6495363223230559,0.6495363223230559
electricity,window_size__one_point_five,window_size,one_point_five,88,24,2,8,25,40,0.9,0.25,0.25,0.3,0.005,1e-06,7,40,0.8112136930003544,6.72852619399713e-05,2800,0.13200634927665558,0.10466401568606995,10.879714501129964,0.6775756664278905,0.6775756664278905
electricity,window_size__one_point_five,window_size,one_point_five,99,24,2,8,25,40,0.9,0.25,0.25,0.3,0.005,1e-06,4,40,0.8203365570007009,6.344680960388533e-05,1600,0.1462929894687711,0.11297256206260102,11.783763815494334,0.6040091059715886,0.6040091059715886
electricity,window_size__one_point_five,window_size,one_point_five,110,24,2,8,25,40,0.9,0.25,0.25,0.3,0.005,1e-06,8,40,0.8284301610001421,6.667619048866549e-05,3200,0.15128903147440007,0.11531713725168048,12.348894628950775,0.5765003506915869,0.5765003506915869
electricity,lambda_rules__0,lambda_rules,0,11,16,2,8,25,40,0.9,0.25,0.25,0.3,0.0,1e-06,8,32,0.7344676370003071,9.511369045780849e-05,2176,0.152983702330243,0.11749755247325973,12.622267821969018,0.566959511696062,0.566959511696062
electricity,lambda_rules__0,lambda_rules,0,22,16,2,8,25,40,0.9,0.25,0.25,0.3,0.0,1e-06,8,40,1.1299604639998506,9.417400007718935e-05,2176,0.15032180690562155,0.11425334447976805,11.773995197560417,0.5818980965555636,0.5818980965555636
electricity,lambda_rules__0,lambda_rules,0,33,16,2,8,25,40,0.9,0.25,0.25,0.3,0.0,1e-06,8,40,1.1412708019997808,0.00010623497614471402,2176,0.14838530549966272,0.11598764732264699,12.014772973010441,0.5926009985833516,0.5926009985833516
electricity,lambda_rules__0,lambda_rules,0,44,16,2,8,25,40,0.9,0.25,0.25,0.3,0.0,1e-06,8,40,1.129879045999587,9.853333336823631e-05,2176,0.15209969985428604,0.11645656353422144,12.35431432267751,0.5719496229935674,0.5719496229935674
electricity,lambda_rules__0,lambda_rules,0,55,16,2,8,25,40,0.9,0.25,0.25,0.3,0.0,1e-06,8,40,1.206067277999864,0.00012597478577109066,2176,0.1511292403208389,0.11855962539691707,12.67933295657031,0.5773944771142449,0.5773944771142449
electricity,lambda_rules__0,lambda_rules,0,66,16,2,8,25,40,0.9,0.25,0.25,0.3,0.0,1e-06,8,40,0.9001974760003577,6.658261898857225e-05,2176,0.14516431858232992,0.10950331321664458,11.749643703760505,0.6100957855806266,0.6100957855806266
electricity,lambda_rules__0,lambda_rules,0,77,16,2,8,25,40,0.9,0.25,0.25,0.3,0.0,1e-06,8,40,0.7881510850002087,0.00012969200001645645,2176,0.14561172789850238,0.11581782369880875,12.256959857525684,0.6076886429731309,0.6076886429731309
electricity,lambda_rules__0,lambda_rules,0,88,16,2,8,25,40,0.9,0.25,0.25,0.3,0.0,1e-06,8,40,0.7985831210007746,8.986726195525123e-05,2176,0.15010796078323554,0.11635132420557225,12.315719420087053,0.5830868246076811,0.5830868246076811
electricity,lambda_rules__0,lambda_rules,0,99,16,2,8,25,40,0.9,0.25,0.25,0.3,0.0,1e-06,4,40,0.8372987050006486,6.62703807955993e-05,1088,0.1466633070234037,0.10964206510170825,11.891440622521717,0.6020017920045053,0.6020017920045053
electricity,lambda_rules__0,lambda_rules,0,110,16,2,8,25,40,0.9,0.25,0.25,0.3,0.0,1e-06,8,40,0.8104361630003041,7.703871428280504e-05,2176,0.1504279555118901,0.11481869104380776,12.288044672118922,0.5813074090848205,0.5813074090848205
electricity,lambda_rules__0.02,lambda_rules,0.02,11,16,2,8,25,40,0.9,0.25,0.25,0.3,0.02,1e-06,5,40,0.8015550600002825,6.125188102010899e-05,1360,0.13827390738266215,0.10513596886645091,11.04727044953815,0.6462319231592686,0.6462319231592686
electricity,lambda_rules__0.02,lambda_rules,0.02,22,16,2,8,25,40,0.9,0.25,0.25,0.3,0.02,1e-06,2,40,0.789454902000216,7.687097630488487e-05,544,0.14409336136814418,0.11083471986072573,11.967221427830415,0.6158276404962308,0.6158276404962308
electricity,lambda_rules__0.02,lambda_rules,0.02,33,16,2,8,25,40,0.9,0.25,0.25,0.3,0.02,1e-06,3,40,0.7828681199998755,6.388561896961793e-05,816,0.1506501959077265,0.11466403596613939,12.319395213995067,0.5800693527331189,0.5800693527331189
electricity,lambda_rules__0.02,lambda_rules,0.02,44,16,2,8,25,40,0.9,0.25,0.25,0.3,0.02,1e-06,2,40,0.7868690069999502,7.445585714820135e-05,544,0.15904440197460734,0.11857427360058131,12.438462360024994,0.5319686494737657,0.5319686494737657
electricity,lambda_rules__0.02,lambda_rules,0.02,55,16,2,8,25,40,0.9,0.25,0.25,0.3,0.02,1e-06,3,40,0.7792801169998711,7.031635712857158e-05,816,0.1472667444631752,0.11318513619591933,11.968603503130016,0.598719974609297,0.598719974609297
electricity,lambda_rules__0.02,lambda_rules,0.02,66,16,2,8,25,40,0.9,0.25,0.25,0.3,0.02,1e-06,2,40,0.7573362610000913,6.645771426996188e-05,544,0.15312861465424393,0.11714266870205475,12.52424093621059,0.566138736363408,0.566138736363408
electricity,lambda_rules__0.02,lambda_rules,0.02,77,16,2,8,25,40,0.9,0.25,0.25,0.3,0.02,1e-06,5,34,0.6892298169996138,6.08271190599009e-05,1360,0.15170378050137123,0.11341354878490033,12.052584311789346,0.5741751744790534,0.5741751744790534
electricity,lambda_rules__0.02,lambda_rules,0.02,88,16,2,8,25,40,0.9,0.25,0.25,0.3,0.02,1e-06,2,34,0.7017076889997043,0.00013148278566448078,544,0.15534253549439972,0.12262353996438885,13.129093458192326,0.5535025852482345,0.5535025852482345
electricity,lambda_rules__0.02,lambda_rules,0.02,99,16,2,8,25,40,0.9,0.25,0.25,0.3,0.02,1e-06,2,40,1.1316582549998202,9.717961897660557e-05,544,0.15661400084495403,0.12424178383470051,13.086418329855732,0.5461635869163268,0.5461635869163268
electricity,lambda_rules__0.02,lambda_rules,0.02,110,16,2,8,25,40,0.9,0.25,0.25,0.3,0.02,1e-06,4,40,1.1520716149998407,9.866538080348706e-05,1088,0.15649934461452514,0.12088057908220172,12.909798211696256,0.5468278458554534,0.5468278458554534
electricity,mutation_probability__low_0.15,mutation_probability,low_0.15,11,16,2,8,25,40,0.9,0.15,0.15,0.15,0.005,1e-06,8,40,1.0626634210002521,0.00010101480960483535,2176,0.14671327196374107,0.11188910438343948,11.979378800798768,0.6017305674634386,0.6017305674634386
electricity,mutation_probability__low_0.15,mutation_probability,low_0.15,22,16,2,8,25,40,0.9,0.15,0.15,0.15,0.005,1e-06,8,40,1.1099252630001502,0.00014879085721899866,2176,0.14892763562943834,0.11623957952568079,12.253051633106539,0.5896175695223858,0.5896175695223858
electricity,mutation_probability__low_0.15,mutation_probability,low_0.15,33,16,2,8,25,40,0.9,0.15,0.15,0.15,0.005,1e-06,6,40,1.0084724570006074,6.652373810668775e-05,1632,0.1570087866036994,0.12091689048471534,12.94994143831677,0.5438726809774028,0.5438726809774028
electricity,mutation_probability__low_0.15,mutation_probability,low_0.15,44,16,2,8,25,40,0.9,0.15,0.15,0.15,0.005,1e-06,8,40,0.8215344339996591,7.076592858841953e-05,2176,0.15953885302094056,0.12511284885368185,13.068957256252927,0.5290540128664858,0.5290540128664858
electricity,mutation_probability__low_0.15,mutation_probability,low_0.15,55,16,2,8,25,40,0.9,0.15,0.15,0.15,0.005,1e-06,8,40,0.7529102609996698,6.768726195462347e-05,2176,0.14875226857333426,0.11294570142119346,12.049815969485051,0.5905834773789653,0.5905834773789653
electricity,mutation_probability__low_0.15,mutation_probability,low_0.15,66,16,2,8,25,40,0.9,0.15,0.15,0.15,0.005,1e-06,7,40,0.8166086540004471,6.701009516248069e-05,1904,0.1485555651678959,0.1164062761098073,12.389626926039652,0.5916655499815138,0.5916655499815138
electricity,mutation_probability__low_0.15,mutation_probability,low_0.15,77,16,2,8,25,40,0.9,0.15,0.15,0.15,0.005,1e-06,7,40,0.797964067999601,6.532835714963203e-05,1904,0.14812917179219048,0.11348025973787342,12.289006619386015,0.5940062395696901,0.5940062395696901
electricity,mutation_probability__low_0.15,mutation_probability,low_0.15,88,16,2,8,25,40,0.9,0.15,0.15,0.15,0.005,1e-06,8,40,0.8202802329997212,7.310711899186746e-05,2176,0.14574708372859974,0.10865528984936125,11.747865579779873,0.6069589447419518,0.6069589447419518
electricity,mutation_probability__low_0.15,mutation_probability,low_0.15,99,16,2,8,25,40,0.9,0.15,0.15,0.15,0.005,1e-06,7,40,0.8196143430004668,6.748292848680562e-05,1904,0.13854339379044084,0.1074559267147437,11.45285513695545,0.644851639758075,0.644851639758075
electricity,mutation_probability__low_0.15,mutation_probability,low_0.15,110,16,2,8,25,40,0.9,0.15,0.15,0.15,0.005,1e-06,7,40,0.7837330610000208,6.600507142485141e-05,1904,0.14782830975902692,0.11236993677086701,12.064493883527406,0.5956537754401292,0.5956537754401292
electricity,mutation_probability__high_0.45,mutation_probability,high_0.45,11,16,2,8,25,40,0.9,0.45,0.45,0.45,0.005,1e-06,5,40,0.8253025070007425,7.157071420459986e-05,1360,0.14983704133048675,0.1117990903657488,11.900654169521726,0.5845903819276197,0.5845903819276197
electricity,mutation_probability__high_0.45,mutation_probability,high_0.45,22,16,2,8,25,40,0.9,0.45,0.45,0.45,0.005,1e-06,8,40,0.8320390819999375,7.066795249210416e-05,2176,0.13870323278257,0.1059861457801074,11.371935489130225,0.644031690130826,0.644031690130826
electricity,mutation_probability__high_0.45,mutation_probability,high_0.45,33,16,2,8,25,40,0.9,0.45,0.45,0.45,0.005,1e-06,8,40,0.8320059099996797,7.424369044071812e-05,2176,0.1522713704208002,0.11104989936353649,11.993607630468295,0.5709828213465996,0.5709828213465996
electricity,mutation_probability__high_0.45,mutation_probability,high_0.45,44,16,2,8,25,40,0.9,0.45,0.45,0.45,0.005,1e-06,8,40,0.8052206009997462,6.864799994824959e-05,2176,0.13974061931453075,0.1053534840065615,11.490810126698142,0.6386870753484298,0.6386870753484298
electricity,mutation_probability__high_0.45,mutation_probability,high_0.45,55,16,2,8,25,40,0.9,0.45,0.45,0.45,0.005,1e-06,8,40,0.9090107680003712,9.487692856661549e-05,2176,0.15116364135402413,0.11422756261215768,12.315697168551951,0.5772020627116922,0.5772020627116922
electricity,mutation_probability__high_0.45,mutation_probability,high_0.45,66,16,2,8,25,40,0.9,0.45,0.45,0.45,0.005,1e-06,8,40,1.1323589550001998,0.0001016472380277784,2176,0.1512152333340271,0.11279569092628244,12.108625066560231,0.5769134125455062,0.5769134125455062
electricity,mutation_probability__high_0.45,mutation_probability,high_0.45,77,16,2,8,25,40,0.9,0.45,0.45,0.45,0.005,1e-06,4,40,1.1627267260000735,0.00010268464291671297,1088,0.1572729732829423,0.12161287859023558,13.018465633053705,0.5423364084575685,0.5423364084575685
electricity,mutation_probability__high_0.45,mutation_probability,high_0.45,88,16,2,8,25,40,0.9,0.45,0.45,0.45,0.005,1e-06,6,40,1.1423651810000592,9.527707141474128e-05,1632,0.14150117873176027,0.10729049599960556,11.525861637355003,0.6295255302810496,0.6295255302810496
electricity,mutation_probability__high_0.45,mutation_probability,high_0.45,99,16,2,8,25,40,0.9,0.45,0.45,0.45,0.005,1e-06,8,40,1.197041340999931,0.00014339309514287466,2176,0.1452987001724226,0.11249274110081806,12.313560098616774,0.6093735667760058,0.6093735667760058
electricity,mutation_probability__high_0.45,mutation_probability,high_0.45,110,16,2,8,25,40,0.9,0.45,0.45,0.45,0.005,1e-06,8,40,0.8559606999997413,9.531947606384554e-05,2176,0.15128733177412113,0.12544932911129963,13.350792060801552,0.5765098664961567,0.5765098664961567
electricity,crossover_probability__0.70,crossover_probability,0.70,11,16,2,8,25,40,0.7,0.25,0.25,0.3,0.005,1e-06,8,40,0.7803971650000676,6.629104759018187e-05,2176,0.14906358846891038,0.11323705470280218,12.303123324408892,0.5888679689205114,0.5888679689205114
electricity,crossover_probability__0.70,crossover_probability,0.70,22,16,2,8,25,40,0.7,0.25,0.25,0.3,0.005,1e-06,7,40,0.8084588760002589,6.992073808543777e-05,1904,0.149443432248496,0.1156988933918206,12.470951407454372,0.5867700063368864,0.5867700063368864
electricity,crossover_probability__0.70,crossover_probability,0.70,33,16,2,8,25,40,0.7,0.25,0.25,0.3,0.005,1e-06,7,40,0.7880707530002837,7.06570715140385e-05,1904,0.14788452399538562,0.11475895858902402,12.576109822087314,0.5953461978724355,0.5953461978724355
electricity,crossover_probability__0.70,crossover_probability,0.70,44,16,2,8,25,40,0.7,0.25,0.25,0.3,0.005,1e-06,8,40,0.8101387340002475,6.700069042424383e-05,2176,0.1451811546131083,0.11513028930121653,12.169636722681542,0.6100053388360317,0.6100053388360317
electricity,crossover_probability__0.70,crossover_probability,0.70,55,16,2,8,25,40,0.7,0.25,0.25,0.3,0.005,1e-06,7,40,0.8009068410001419,7.136730954741888e-05,1904,0.14008962632048672,0.10578851901892893,11.396797775201673,0.636880038666659,0.636880038666659
electricity,crossover_probability__0.70,crossover_probability,0.70,66,16,2,8,25,40,0.7,0.25,0.25,0.3,0.005,1e-06,7,40,0.8029182179998315,6.690592863378697e-05,1904,0.1498567780541967,0.1137514355009569,11.976315652634218,0.584480938164378,0.584480938164378
electricity,crossover_probability__0.70,crossover_probability,0.70,77,16,2,8,25,40,0.7,0.25,0.25,0.3,0.005,1e-06,8,40,0.7898960940001416,6.777776185290783e-05,2176,0.1471723351028194,0.1117358072139514,11.826375936621728,0.5992343126858819,0.5992343126858819
electricity,crossover_probability__0.70,crossover_probability,0.70,88,16,2,8,25,40,0.7,0.25,0.25,0.3,0.005,1e-06,7,40,0.8371189919998869,6.3322904788081e-05,1904,0.1544446884217426,0.1171974964796875,12.400344986641274,0.5586489912358181,0.5586489912358181
electricity,crossover_probability__0.70,crossover_probability,0.70,99,16,2,8,25,40,0.7,0.25,0.25,0.3,0.005,1e-06,8,40,0.7962712179996743,7.263073816180363e-05,2176,0.14749889271406985,0.11572713078400275,12.385566332629763,0.5974538383704773,0.5974538383704773
electricity,crossover_probability__0.70,crossover_probability,0.70,110,16,2,8,25,40,0.7,0.25,0.25,0.3,0.005,1e-06,3,40,0.7904265510005644,6.00836667131045e-05,816,0.15339033025278953,0.11776252312521016,12.736150288211878,0.5646544247014459,0.5646544247014459
electricity,ga_budget__small_15x20,ga_budget,small_15x20,11,16,2,8,15,20,0.9,0.25,0.25,0.3,0.005,1e-06,4,20,0.2518710110007305,6.586716671379344e-05,1088,0.15058853028726893,0.11709153339966297,12.401504329716786,0.5804130626619466,0.5804130626619466
electricity,ga_budget__small_15x20,ga_budget,small_15x20,22,16,2,8,15,20,0.9,0.25,0.25,0.3,0.005,1e-06,4,20,0.2388145920003808,6.182659533459671e-05,1088,0.151072721931778,0.11839905113044914,12.413373661297387,0.5777105048681201,0.5777105048681201
electricity,ga_budget__small_15x20,ga_budget,small_15x20,33,16,2,8,15,20,0.9,0.25,0.25,0.3,0.005,1e-06,4,20,0.23474972500025615,6.705223805034794e-05,1088,0.15077282747807963,0.11548319818695262,12.339945155345635,0.5793854145015425,0.5793854145015425
electricity,ga_budget__small_15x20,ga_budget,small_15x20,44,16,2,8,15,20,0.9,0.25,0.25,0.3,0.005,1e-06,4,20,0.23670578800010844,6.140528570800338e-05,1088,0.14998325022816947,0.11288059219831344,12.036210582197226,0.5837792845546194,0.5837792845546194
electricity,ga_budget__small_15x20,ga_budget,small_15x20,55,16,2,8,15,20,0.9,0.25,0.25,0.3,0.005,1e-06,7,20,0.329448940000475,0.0001245686666845272,1904,0.14763456782313486,0.11172900303362672,11.743754729050082,0.5967129431395354,0.5967129431395354
electricity,ga_budget__small_15x20,ga_budget,small_15x20,66,16,2,8,15,20,0.9,0.25,0.25,0.3,0.005,1e-06,7,20,0.3380306440003551,0.0001061834048284384,1904,0.14329960413228862,0.11031484907115202,11.630121828426805,0.6200485107342706,0.6200485107342706
electricity,ga_budget__small_15x20,ga_budget,small_15x20,77,16,2,8,15,20,0.9,0.25,0.25,0.3,0.005,1e-06,7,20,0.33108527900003537,0.00010649280946901334,1904,0.15196754588932557,0.11879646588529666,12.51620588023341,0.5726931350371284,0.5726931350371284
electricity,ga_budget__small_15x20,ga_budget,small_15x20,88,16,2,8,15,20,0.9,0.25,0.25,0.3,0.005,1e-06,3,20,0.337201708000066,0.00011759892850889065,816,0.14880411477786634,0.1179933000343282,12.4495194058534,0.5902980310841783,0.5902980310841783
electricity,ga_budget__small_15x20,ga_budget,small_15x20,99,16,2,8,15,20,0.9,0.25,0.25,0.3,0.005,1e-06,5,20,0.3304731300004278,0.0001025659762057157,1360,0.14991993357816683,0.11891934815597137,12.751796431168518,0.5841306323032359,0.5841306323032359
electricity,ga_budget__small_15x20,ga_budget,small_15x20,110,16,2,8,15,20,0.9,0.25,0.25,0.3,0.005,1e-06,8,20,0.3221822830000747,0.00011046319048632757,2176,0.14854462224818188,0.10943769843590107,11.642337545570346,0.591725705338509,0.591725705338509
electricity,ga_budget__large_40x60,ga_budget,large_40x60,11,16,2,8,40,60,0.9,0.25,0.25,0.3,0.005,1e-06,4,54,2.544475767000222,0.0001285462142818904,1088,0.1366858753903777,0.10862922488520559,11.53065921137508,0.6543110903075369,0.6543110903075369
electricity,ga_budget__large_40x60,ga_budget,large_40x60,22,16,2,8,40,60,0.9,0.25,0.25,0.3,0.005,1e-06,8,60,2.340703394999764,7.598495247813324e-05,2176,0.14623169044715947,0.11407924224708912,12.155913513715715,0.6043408890447117,0.6043408890447117
electricity,ga_budget__large_40x60,ga_budget,large_40x60,33,16,2,8,40,60,0.9,0.25,0.25,0.3,0.005,1e-06,8,60,1.9856667809999635,8.818326183418754e-05,2176,0.14644457779057024,0.1182422903154831,12.80868854673326,0.6031880318313803,0.6031880318313803
electricity,ga_budget__large_40x60,ga_budget,large_40x60,44,16,2,8,40,60,0.9,0.25,0.25,0.3,0.005,1e-06,8,60,1.9524974030000521,6.91436904119092e-05,2176,0.15220708022193835,0.11625640733309146,12.198926589963092,0.5713450138857199,0.5713450138857199
electricity,ga_budget__large_40x60,ga_budget,large_40x60,55,16,2,8,40,60,0.9,0.25,0.25,0.3,0.005,1e-06,8,60,2.0067156089999116,6.586540478435512e-05,2176,0.1452388290206085,0.1170134821730194,12.19586367456097,0.6096954201172005,0.6096954201172005
electricity,ga_budget__large_40x60,ga_budget,large_40x60,66,16,2,8,40,60,0.9,0.25,0.25,0.3,0.005,1e-06,8,60,1.8960725150000144,6.686804757312832e-05,2176,0.1478878750865473,0.11176263978848597,11.914003678063679,0.5953278586019402,0.5953278586019402
electricity,ga_budget__large_40x60,ga_budget,large_40x60,77,16,2,8,40,60,0.9,0.25,0.25,0.3,0.005,1e-06,8,60,2.5640991139998732,0.0001320063094811173,2176,0.14520501348964832,0.1145419096705402,12.243302595394438,0.609877145902606,0.609877145902606
electricity,ga_budget__large_40x60,ga_budget,large_40x60,88,16,2,8,40,60,0.9,0.25,0.25,0.3,0.005,1e-06,8,60,2.7430497690002085,0.0001240053571304348,2176,0.14475989746377818,0.11373472185403381,11.930709412023848,0.6122652697594687,0.6122652697594687
electricity,ga_budget__large_40x60,ga_budget,large_40x60,99,16,2,8,40,60,0.9,0.25,0.25,0.3,0.005,1e-06,8,60,2.0666034289997697,7.01769286241047e-05,2176,0.14720991350429505,0.11667190668030354,12.10126787677535,0.599029626708962,0.599029626708962
electricity,ga_budget__large_40x60,ga_budget,large_40x60,110,16,2,8,40,60,0.9,0.25,0.25,0.3,0.005,1e-06,8,60,1.91648594399976,6.74805714230128e-05,2176,0.13880123176394188,0.10819492992549677,11.279211186743558,0.6435285027908351,0.6435285027908351
