dataset,config_id,factor,level,n_seeds,RMSE_mean,RMSE_std,MAE_mean,MAE_std,sMAPE_mean,sMAPE_std,R2_mean,R2_std,K_mean,K_std,training_time_mean_sec,inference_latency_mean_sec,model_size_mean_bytes,generations_mean,baseline_RMSE_mean,baseline_MAE_mean,baseline_sMAPE_mean,baseline_training_time_mean_sec,baseline_model_size_mean_bytes,RMSE_change_percent_vs_baseline,training_time_change_percent_vs_baseline,model_size_change_percent_vs_baseline
cholera,K_max__12,K_max,12,10,120.88440716181546,33.77756056922263,92.31873232937963,42.689107988225096,41.12919515383054,18.078530028341923,0.9190061953044915,0.050091774377840556,3.0,0.8164965809277261,1.0458249373999933,7.751318332685472e-05,2544.0,36.0,136.07229593200486,110.95992734876195,59.17035447242713,0.8853273514999274,2120.0,-11.161631885581448,18.128614870889265,20.0
cholera,K_max__4,K_max,4,10,134.20657234883333,26.116450752493883,109.11248403800248,33.62894455029004,67.89143340056538,27.49642645111044,0.9035458056492672,0.03877273076803113,2.2,0.4216370213557839,1.7074690637999992,0.00018039543809945393,1865.6,32.8,136.07229593200486,110.95992734876195,59.17035447242713,0.8853273514999274,2120.0,-1.3711267017231996,92.86301963981956,-12.000000000000004
cholera,baseline,baseline,reference,10,136.07229593200486,41.78935174461753,110.95992734876195,48.963025701437715,59.17035447242713,29.725385516530174,0.8959739696611353,0.06900791353472539,2.5,0.5270462766947299,0.8853273514999274,8.45338297603164e-05,2120.0,29.9,136.07229593200486,110.95992734876195,59.17035447242713,0.8853273514999274,2120.0,0.0,0.0,0.0
cholera,crossover_probability__0.70,crossover_probability,0.70,10,126.51754859740552,37.19523166809665,97.83126773075874,45.454856887750516,48.74523224693577,26.467360862452242,0.9106584011139521,0.061146662260662114,2.8,0.9189365834726815,1.0805792133001888,8.276336787687234e-05,2374.4,35.4,136.07229593200486,110.95992734876195,59.17035447242713,0.8853273514999274,2120.0,-7.0218167990447045,22.0541996663115,12.000000000000004
cholera,ga_budget__large_40x60,ga_budget,large_40x60,10,140.45863398608398,49.13489220006404,112.62922783418007,58.91817033763616,54.18025190307401,32.75090367352565,0.8865795581751165,0.08449043126342447,2.7,0.4830458915396479,1.878644875200098,0.00011674824760185792,2289.6,38.7,136.07229593200486,110.95992734876195,59.17035447242713,0.8853273514999274,2120.0,3.2235349775173674,112.19776752828042,7.9999999999999964
cholera,ga_budget__small_15x20,ga_budget,small_15x20,10,132.61176017976558,43.81237902621557,107.97631130754708,51.62282588871948,51.62370044689717,21.5147782665309,0.8999819200500809,0.07928867070108679,2.6,0.6992058987801011,0.30102608559991495,6.552368690574352e-05,2204.8,19.8,136.07229593200486,110.95992734876195,59.17035447242713,0.8853273514999274,2120.0,-2.5431596700393047,-65.9983298731351,4.000000000000009
cholera,lambda_rules__0,lambda_rules,0,10,122.07993579774102,21.11938676795586,92.37521114158831,27.45044032286061,66.13348995156447,31.75308807737761,0.9207407134719234,0.02828327044504105,7.2,1.3165611772087666,1.150852523100093,8.662842857943144e-05,6105.6,38.2,136.07229593200486,110.95992734876195,59.17035447242713,0.8853273514999274,2120.0,-10.283033764092442,29.991750638937244,188.00000000000003
cholera,lambda_rules__0.02,lambda_rules,0.02,10,137.54287073621836,38.75000044596633,114.86789044850177,49.06268858764831,43.89368437997916,17.79171886364692,0.8950311250060219,0.05706761889669534,2.0,0.0,0.8547532374999719,7.002477737582272e-05,1696.0,33.8,136.07229593200486,110.95992734876195,59.17035447242713,0.8853273514999274,2120.0,1.0807305000191536,-3.453424764089419,-20.0
cholera,mutation_probability__high_0.45,mutation_probability,high_0.45,10,110.30306843381996,14.294898096431112,79.97174527854172,22.300250813424643,39.08623912219615,18.674668908944074,0.9360398637303042,0.017051832556170054,2.6,0.8432740427115677,0.8354669602002105,7.9583930945167e-05,2204.8,32.2,136.07229593200486,110.95992734876195,59.17035447242713,0.8853273514999274,2120.0,-18.937894243411424,-5.631859358602563,4.000000000000009
cholera,mutation_probability__low_0.15,mutation_probability,low_0.15,10,127.42701438531844,31.885023637911868,99.67630128983424,41.98110465854914,55.52622796731654,27.910349799266182,0.9111720924045541,0.04660357115448729,2.7,0.6749485577105531,0.9314116804999685,8.305998096494434e-05,2289.6,31.8,136.07229593200486,110.95992734876195,59.17035447242713,0.8853273514999274,2120.0,-6.353447252044939,5.20534341585231,7.9999999999999964
cholera,window_size__half,window_size,half,10,148.3059896117866,58.77606085462479,124.02539553631796,64.90751968879997,56.77061978659113,32.852458303632396,0.8699954344704238,0.10497190240728452,3.6,1.3498971154211057,0.9475825962997988,8.445428334198368e-05,1555.2,33.3,136.07229593200486,110.95992734876195,59.17035447242713,0.8853273514999274,2120.0,8.990583715802735,7.031889921213684,-26.64150943396226
cholera,window_size__one_point_five,window_size,one_point_five,10,129.7925443351585,30.54563744582407,99.78658214360362,35.75179765149099,65.49543758841273,38.767893933163485,0.9084108040006239,0.045374446786454845,3.0,1.0540925533894598,1.058141380900088,8.600917143493937e-05,3792.0,34.4,136.07229593200486,110.95992734876195,59.17035447242713,0.8853273514999274,2120.0,-4.615011126132784,19.519788822448316,78.86792452830188
electricity,K_max__12,K_max,12,10,0.15186183847339577,0.0033072661385947313,0.11517674957780191,0.003249434105339166,12.26663242339001,0.3419453484109884,0.5731052450781828,0.01843083144963772,8.3,2.4517567397911058,0.9201892389000023,7.213983809985317e-05,2257.6,40.0,0.14786328813741856,0.11339359949008301,12.07877790382091,1.000607302699791,1958.4,2.704221166961407,-8.036925533404421,15.277777777777768
electricity,K_max__4,K_max,4,10,0.15067414572146082,0.003145207554236599,0.11599371404276489,0.0032453502981305716,12.35168185631913,0.2896743525700875,0.5797710915583857,0.01741890016280224,3.8,0.42163702135578396,0.8601277934999416,8.273964763031386e-05,1033.6,39.1,0.14786328813741856,0.11339359949008301,12.07877790382091,1.000607302699791,1958.4,1.9009840910814548,-14.039424739437168,-47.22222222222223
electricity,baseline,baseline,reference,10,0.14786328813741856,0.0031219859497253494,0.11339359949008301,0.0035836285573955513,12.07877790382091,0.3008088951996234,0.5953000951448085,0.01714634195507334,7.2,0.9189365834726816,1.000607302699791,8.716889285443315e-05,1958.4,40.0,0.14786328813741856,0.11339359949008301,12.07877790382091,1.000607302699791,1958.4,0.0,0.0,0.0
electricity,crossover_probability__0.70,crossover_probability,0.70,10,0.1484025350192005,0.004042840585072915,0.1140788108107601,0.0034195532980547724,12.224137224857266,0.3968482927071158,0.5922342055790525,0.022072877437360992,7.0,1.4907119849998598,0.8004603442001098,6.759578573110048e-05,1904.0,40.0,0.14786328813741856,0.11339359949008301,12.07877790382091,1.000607302699791,1958.4,0.3646928785195082,-20.00254824841416,-2.777777777777782
electricity,ga_budget__large_40x60,ga_budget,large_40x60,10,0.14506719841788648,0.004427569816790683,0.1139126754872749,0.0034504825447227963,12.0358546285349,0.41697724300459976,0.6102908848950361,0.023570894515889392,7.6,1.2649110640673518,2.201636972599954,8.882607380222734e-05,2067.2,59.4,0.14786328813741856,0.11339359949008301,12.07877790382091,1.000607302699791,1958.4,-1.8909965784972225,120.03007240298984,5.555555555555541
electricity,ga_budget__small_15x20,ga_budget,small_15x20,10,0.14925877183742603,0.002461186225033635,0.11510450395316543,0.0036948577939301583,12.19247695488596,0.4003625658024488,0.5876897224223085,0.013441042021462483,5.3,1.766981104093143,0.295056310000291,9.240242619896543e-05,1441.6,20.0,0.14786328813741856,0.11339359949008301,12.07877790382091,1.000607302699791,1958.4,0.9437661758952376,-70.51227697377541,-26.388888888888896
electricity,lambda_rules__0,lambda_rules,0,10,0.1492895024710014,0.00271248556951638,0.11488879504733548,0.0030530198629895927,12.194649154780157,0.32826190280985545,0.5874983161193554,0.014942579205169193,7.6,1.2649110640673518,0.9476311777001684,9.494817618577231e-05,2067.2,39.2,0.14786328813741856,0.11339359949008301,12.07877790382091,1.000607302699791,1958.4,0.964549315484833,-5.294397198250005,5.555555555555541
electricity,lambda_rules__0.02,lambda_rules,0.02,10,0.15126168872058093,0.006441065837469315,0.11606962548580628,0.00581767148223858,12.344308820226289,0.6306094017331451,0.5759625469334158,0.03549366290893851,3.0,1.247219128924647,0.8372030842999265,8.013933093458209e-05,816.0,38.8,0.14786328813741856,0.11339359949008301,12.07877790382091,1.000607302699791,1958.4,2.298339652777118,-16.330504280647865,-58.333333333333336
electricity,mutation_probability__high_0.45,mutation_probability,high_0.45,10,0.1478291322497685,0.00617024448090213,0.11280573178563531,0.006464457573910039,12.139000908075761,0.646953540816855,0.5950152816021455,0.03359181723252593,7.1,1.5238839267549946,0.9694031771000482,9.183288092182401e-05,1931.2,40.0,0.14786328813741856,0.11339359949008301,12.07877790382091,1.000607302699791,1958.4,-0.023099640269261118,-3.118518675163508,-1.388888888888891
electricity,mutation_probability__low_0.15,mutation_probability,low_0.15,10,0.14897443400293076,0.005799885842085803,0.11454718138513635,0.0053648658855959905,12.224499324364846,0.49558423152060177,0.5887994457700038,0.03216782363222232,7.4,0.699205898780101,0.8793706195000596,7.937161666892019e-05,2012.8,40.0,0.14786328813741856,0.11339359949008301,12.07877790382091,1.000607302699791,1958.4,0.7514683864459585,-12.11631005216696,2.7777777777777706
electricity,window_size__half,window_size,half,10,0.14476303495581327,0.004517037187184003,0.11554008417146049,0.0046100637721601485,12.103617034316997,0.6044052494493901,0.6119086899020865,0.023858887813025236,7.0,1.247219128924647,0.916971070099953,9.03829357173977e-05,1008.0,39.2,0.14786328813741856,0.11339359949008301,12.07877790382091,1.000607302699791,1958.4,-2.0967024476853413,-8.358547091768637,-48.529411764705884
electricity,window_size__one_point_five,window_size,one_point_five,10,0.14242254531963577,0.0059843147791276636,0.11059179802622907,0.004900158199837393,11.782010024160073,0.6083073002256346,0.6240888685092258,0.0312796777001382,6.8,1.6193277068654823,0.8380251950999991,7.499095001462376e-05,2720.0,40.0,0.14786328813741856,0.11339359949008301,12.07877790382091,1.000607302699791,1958.4,-3.6795765103819167,-16.248343097349046,38.88888888888888
ilinet,K_max__12,K_max,12,10,0.4520001975865252,0.013605419780569809,0.26569309809518704,0.0141919387447122,7.791078462276746,0.6005669643015089,0.9446934039235065,0.0033390693150479466,7.6,2.988868236194653,0.8242978680002124,7.362769235372141e-05,3040.0,35.6,0.4421830420553654,0.2615064839593851,7.898919482140462,0.8594890685999417,2880.0,2.2201564957189395,-4.094432597851848,5.555555555555555
ilinet,K_max__4,K_max,4,10,0.4554555320994475,0.02150046156602507,0.26830817339144664,0.019013990468570763,8.08469391853588,1.085217382127417,0.9437778044219772,0.005267983602553274,3.8,0.6324555320336759,0.929955910499757,9.141537694596571e-05,1520.0,39.3,0.4421830420553654,0.2615064839593851,7.898919482140462,0.8594890685999417,2880.0,3.001582779472637,8.198689718602445,-47.22222222222222
ilinet,baseline,baseline,reference,10,0.4421830420553654,0.014282300568139072,0.2615064839593851,0.009865968300375925,7.898919482140462,0.9758252136493246,0.9470632304945283,0.003442788395870413,7.2,1.3165611772087666,0.8594890685999417,7.553201729444061e-05,2880.0,35.7,0.4421830420553654,0.2615064839593851,7.898919482140462,0.8594890685999417,2880.0,0.0,0.0,0.0
ilinet,crossover_probability__0.70,crossover_probability,0.70,10,0.44743008033424864,0.018122009395239842,0.26324641772077345,0.017676544248013022,7.784593770993242,0.9580704376153798,0.9457703548151697,0.00447092477942436,6.0,1.699673171197595,1.0373660033001215,8.710631922300449e-05,2400.0,38.4,0.4421830420553654,0.2615064839593851,7.898919482140462,0.8594890685999417,2880.0,1.186621326429396,20.69565992153119,-16.666666666666668
ilinet,ga_budget__large_40x60,ga_budget,large_40x60,10,0.45223841625905753,0.01734101596308624,0.2625879342418228,0.016073994141582417,7.665791982298702,0.8640804536189105,0.9446069971088977,0.004214021041691888,6.5,1.509230856356236,2.13953140829999,8.986445770040938e-05,2600.0,54.2,0.4421830420553654,0.2615064839593851,7.898919482140462,0.8594890685999417,2880.0,2.2740298128468477,148.93061313568114,-9.722222222222221
ilinet,ga_budget__small_15x20,ga_budget,small_15x20,10,0.45756354866368654,0.012443162870633778,0.2759138586736297,0.01741936833899674,8.24268155583518,1.2850257985377436,0.9433320518925464,0.003095225784599702,6.1,1.6633299933166197,0.2739963005000391,7.120011541526485e-05,2440.0,20.0,0.4421830420553654,0.2615064839593851,7.898919482140462,0.8594890685999417,2880.0,3.478312179686744,-68.12102555924727,-15.277777777777779
ilinet,lambda_rules__0,lambda_rules,0,10,0.44623158857309947,0.01290464222655938,0.2602809984050866,0.014863532485653565,7.543629128900863,0.7845331402016499,0.9460994655029784,0.003130374543969091,7.8,0.4216370213557839,0.9094820738001544,8.306139808820052e-05,3120.0,38.3,0.4421830420553654,0.2615064839593851,7.898919482140462,0.8594890685999417,2880.0,0.9155815878681184,5.816595815656912,8.333333333333334
ilinet,lambda_rules__0.02,lambda_rules,0.02,10,0.4570148207102395,0.020521362848681085,0.27322017266828774,0.015220131494079116,8.039068809251066,0.5745751950944522,0.9434029707870797,0.005036500018167107,3.8,1.0327955589886444,0.9312411812999926,8.610229807835332e-05,1520.0,37.3,0.4421830420553654,0.2615064839593851,7.898919482140462,0.8594890685999417,2880.0,3.354216974475706,8.348228653673392,-47.22222222222222
ilinet,mutation_probability__high_0.45,mutation_probability,high_0.45,10,0.44402113197671184,0.017810872158493855,0.260849967800835,0.013558390010935598,7.842879321233923,0.6244508355681163,0.9465950610786044,0.004387289452782033,7.2,0.7888106377466155,0.927552733200082,9.012475384924284e-05,2880.0,35.1,0.4421830420553654,0.2615064839593851,7.898919482140462,0.8594890685999417,2880.0,0.41568530371553347,7.9190843824241,0.0
ilinet,mutation_probability__low_0.15,mutation_probability,low_0.15,10,0.45123838611548084,0.015443226203401359,0.26697335730948596,0.011421418067880938,7.807733691734076,0.6189697775621401,0.9448665289269258,0.0037959261086965234,6.5,1.7795130420052185,1.0150896014000863,7.343395576089489e-05,2600.0,38.6,0.4421830420553654,0.2615064839593851,7.898919482140462,0.8594890685999417,2880.0,2.0478723060079767,18.103840814823737,-9.722222222222221
ilinet,window_size__half,window_size,half,10,0.4515062870845303,0.005365394164207939,0.261067409588832,0.005622530150291627,7.3573538006208326,0.26390625723501193,0.9448521631235451,0.001307055111201534,6.4,1.5055453054181622,0.9257935353999528,8.874066346694376e-05,1331.2,37.9,0.4421830420553654,0.2615064839593851,7.898919482140462,0.8594890685999417,2880.0,2.1084582949695108,7.714404897320834,-53.77777777777778
ilinet,window_size__one_point_five,window_size,one_point_five,10,0.44886420811918093,0.012577300020023769,0.26527005763622713,0.01822974834389897,7.903174125220675,1.0349570037517766,0.9454641089427097,0.003066872825803735,6.9,1.3703203194062976,0.9406068168999809,8.035649036103748e-05,4084.8,39.4,0.4421830420553654,0.2615064839593851,7.898919482140462,0.8594890685999417,2880.0,1.5109503143223164,9.43790343164869,41.833333333333336
